OK	./books/perl6-at-a-glance/Greet.pm
OK	./books/perl6-at-a-glance/Math.pm
OK	./books/perl6-at-a-glance/N.pm
OK	./books/perl6-at-a-glance/arr1.pl
OK	./books/perl6-at-a-glance/arr2.pl
OK	./books/perl6-at-a-glance/bool1.pl
OK	./books/perl6-at-a-glance/bool2.pl
OK	./books/perl6-at-a-glance/bool3.pl
OK	./books/perl6-at-a-glance/calc1.pl
OK	./books/perl6-at-a-glance/class10.pl
OK	./books/perl6-at-a-glance/classx.pl
OK	./books/perl6-at-a-glance/classy.pl
OK	./books/perl6-at-a-glance/classz.pl
OK	./books/perl6-at-a-glance/db1.pl
OK	./books/perl6-at-a-glance/db2.pl
OK	./books/perl6-at-a-glance/do-for.pl
OK	./books/perl6-at-a-glance/dot-say.pl
OK	./books/perl6-at-a-glance/ex1.pl
OK	./books/perl6-at-a-glance/ex10.pl
OK	./books/perl6-at-a-glance/ex11.pl
OK	./books/perl6-at-a-glance/ex12.pl
OK	./books/perl6-at-a-glance/ex13.pl
OK	./books/perl6-at-a-glance/ex14.pl
OK	./books/perl6-at-a-glance/ex15.pl
OK	./books/perl6-at-a-glance/ex16.pl
OK	./books/perl6-at-a-glance/ex2.pl
OK	./books/perl6-at-a-glance/ex3.pl
OK	./books/perl6-at-a-glance/ex4.pl
OK	./books/perl6-at-a-glance/ex5.pl
OK	./books/perl6-at-a-glance/ex6.pl
OK	./books/perl6-at-a-glance/ex7.pl
OK	./books/perl6-at-a-glance/ex8.pl
OK	./books/perl6-at-a-glance/ex9.pl
OK	./books/perl6-at-a-glance/fib.pl
OK	./books/perl6-at-a-glance/file1.pl
OK	./books/perl6-at-a-glance/file2.pl
OK	./books/perl6-at-a-glance/file3.pl
OK	./books/perl6-at-a-glance/file4.pl
OK	./books/perl6-at-a-glance/file5.pl
OK	./books/perl6-at-a-glance/file6.pl
OK	./books/perl6-at-a-glance/file7.pl
OK	./books/perl6-at-a-glance/file8.pl
OK	./books/perl6-at-a-glance/grammar1.pl
OK	./books/perl6-at-a-glance/grammar2.pl
OK	./books/perl6-at-a-glance/grammar3.pl
OK	./books/perl6-at-a-glance/grammar4.pl
OK	./books/perl6-at-a-glance/hash.pl
OK	./books/perl6-at-a-glance/hash1.pl
OK	./books/perl6-at-a-glance/hash2.pl
OK	./books/perl6-at-a-glance/hash3.pl
OK	./books/perl6-at-a-glance/hash4.pl
OK	./books/perl6-at-a-glance/hello.pl
OK	./books/perl6-at-a-glance/int1.pl
OK	./books/perl6-at-a-glance/int2.pl
OK	./books/perl6-at-a-glance/int3.pl
OK	./books/perl6-at-a-glance/int4.pl
OK	./books/perl6-at-a-glance/interp.pl
OK	./books/perl6-at-a-glance/list.pl
OK	./books/perl6-at-a-glance/list1.pl
OK	./books/perl6-at-a-glance/metaop1.pl
OK	./books/perl6-at-a-glance/metaop10.pl
OK	./books/perl6-at-a-glance/metaop11.pl
OK	./books/perl6-at-a-glance/metaop12.pl
OK	./books/perl6-at-a-glance/metaop13.pl
OK	./books/perl6-at-a-glance/metaop14.pl
OK	./books/perl6-at-a-glance/metaop15.pl
OK	./books/perl6-at-a-glance/metaop16.pl
OK	./books/perl6-at-a-glance/metaop17.pl
OK	./books/perl6-at-a-glance/metaop18.pl
OK	./books/perl6-at-a-glance/metaop19.pl
OK	./books/perl6-at-a-glance/metaop2.pl
OK	./books/perl6-at-a-glance/metaop3.pl
OK	./books/perl6-at-a-glance/metaop4.pl
OK	./books/perl6-at-a-glance/metaop5.pl
OK	./books/perl6-at-a-glance/metaop6.pl
OK	./books/perl6-at-a-glance/metaop7.pl
OK	./books/perl6-at-a-glance/metaop8.pl
OK	./books/perl6-at-a-glance/metaop9.pl
OK	./books/perl6-at-a-glance/mod1.pl
OK	./books/perl6-at-a-glance/mod2.pl
OK	./books/perl6-at-a-glance/mod3.pl
OKI	./books/perl6-at-a-glance/mod4.pl
FAIL	./books/perl6-at-a-glance/mod5.pl
OK	./books/perl6-at-a-glance/mod6.pl
OK	./books/perl6-at-a-glance/mod7.pl
OKI	./books/perl6-at-a-glance/mod8.pl
OK	./books/perl6-at-a-glance/mod9.pl
OK	./books/perl6-at-a-glance/op1.pl
OK	./books/perl6-at-a-glance/op10.pl
OK	./books/perl6-at-a-glance/op11.pl
OK	./books/perl6-at-a-glance/op12.pl
OK	./books/perl6-at-a-glance/op13.pl
OK	./books/perl6-at-a-glance/op14.pl
OK	./books/perl6-at-a-glance/op15.pl
OK	./books/perl6-at-a-glance/op16.pl
OK	./books/perl6-at-a-glance/op17.pl
OK	./books/perl6-at-a-glance/op18.pl
OK	./books/perl6-at-a-glance/op19.pl
OK	./books/perl6-at-a-glance/op2.pl
OK	./books/perl6-at-a-glance/op20.pl
OK	./books/perl6-at-a-glance/op21.pl
OK	./books/perl6-at-a-glance/op22.pl
OK	./books/perl6-at-a-glance/op23.pl
OK	./books/perl6-at-a-glance/op24.pl
OK	./books/perl6-at-a-glance/op25.pl
OK	./books/perl6-at-a-glance/op26.pl
OK	./books/perl6-at-a-glance/op27.pl
OK	./books/perl6-at-a-glance/op28.pl
OK	./books/perl6-at-a-glance/op29.pl
OK	./books/perl6-at-a-glance/op3.pl
OK	./books/perl6-at-a-glance/op30.pl
OK	./books/perl6-at-a-glance/op31.pl
OK	./books/perl6-at-a-glance/op32.pl
OK	./books/perl6-at-a-glance/op33.pl
OK	./books/perl6-at-a-glance/op34.pl
OK	./books/perl6-at-a-glance/op35.pl
OK	./books/perl6-at-a-glance/op36.pl
OK	./books/perl6-at-a-glance/op37.pl
OK	./books/perl6-at-a-glance/op38.pl
OK	./books/perl6-at-a-glance/op39.pl
OK	./books/perl6-at-a-glance/op4.pl
OK	./books/perl6-at-a-glance/op40.pl
OK	./books/perl6-at-a-glance/op41.pl
OK	./books/perl6-at-a-glance/op42.pl
OK	./books/perl6-at-a-glance/op43.pl
OK	./books/perl6-at-a-glance/op44.pl
OK	./books/perl6-at-a-glance/op45.pl
OK	./books/perl6-at-a-glance/op46.pl
OK	./books/perl6-at-a-glance/op47.pl
OK	./books/perl6-at-a-glance/op48.pl
OK	./books/perl6-at-a-glance/op49.pl
OK	./books/perl6-at-a-glance/op5.pl
OK	./books/perl6-at-a-glance/op50.pl
OK	./books/perl6-at-a-glance/op51.pl
OK	./books/perl6-at-a-glance/op52.pl
OK	./books/perl6-at-a-glance/op53.pl
OK	./books/perl6-at-a-glance/op54.pl
OK	./books/perl6-at-a-glance/op55.pl
OK	./books/perl6-at-a-glance/op56.pl
OK	./books/perl6-at-a-glance/op57.pl
OK	./books/perl6-at-a-glance/op58.pl
OK	./books/perl6-at-a-glance/op59.pl
OK	./books/perl6-at-a-glance/op6.pl
OK	./books/perl6-at-a-glance/op60.pl
OK	./books/perl6-at-a-glance/op61.pl
OK	./books/perl6-at-a-glance/op62.pl
OK	./books/perl6-at-a-glance/op63.pl
OK	./books/perl6-at-a-glance/op64.pl
OK	./books/perl6-at-a-glance/op65.pl
OK	./books/perl6-at-a-glance/op66.pl
OK	./books/perl6-at-a-glance/op67.pl
OK	./books/perl6-at-a-glance/op68.pl
OK	./books/perl6-at-a-glance/op69.pl
OK	./books/perl6-at-a-glance/op7.pl
OK	./books/perl6-at-a-glance/op70.pl
OK	./books/perl6-at-a-glance/op71.pl
OK	./books/perl6-at-a-glance/op72.pl
OK	./books/perl6-at-a-glance/op8.pl
OK	./books/perl6-at-a-glance/op9.pl
OK	./books/perl6-at-a-glance/plus1.pl
OK	./books/perl6-at-a-glance/plus_m.pl
OK	./books/perl6-at-a-glance/promice1.pl
FAIL	./books/perl6-at-a-glance/role.pl
OK	./books/perl6-at-a-glance/scalar.pl
OK	./books/perl6-at-a-glance/sleep-sort2.pl
OK	./books/perl6-at-a-glance/str1.pl
OK	./books/perl6-at-a-glance/str2.pl
OK	./books/perl6-at-a-glance/str3.pl
OK	./books/perl6-at-a-glance/sub1.pl
OK	./books/perl6-at-a-glance/sub10.pl
OK	./books/perl6-at-a-glance/sub11.pl
OK	./books/perl6-at-a-glance/sub12.pl
OK	./books/perl6-at-a-glance/sub13.pl
OK	./books/perl6-at-a-glance/sub14.pl
OK	./books/perl6-at-a-glance/sub15.pl
OK	./books/perl6-at-a-glance/sub16.pl
OK	./books/perl6-at-a-glance/sub18.pl
OK	./books/perl6-at-a-glance/sub19.pl
OK	./books/perl6-at-a-glance/sub2.pl
OK	./books/perl6-at-a-glance/sub20.pl
OK	./books/perl6-at-a-glance/sub21.pl
OK	./books/perl6-at-a-glance/sub22.pl
OK	./books/perl6-at-a-glance/sub23.pl
OK	./books/perl6-at-a-glance/sub24.pl
OK	./books/perl6-at-a-glance/sub25.pl
OK	./books/perl6-at-a-glance/sub26.pl
OK	./books/perl6-at-a-glance/sub27.pl
OK	./books/perl6-at-a-glance/sub28.pl
OK	./books/perl6-at-a-glance/sub29.pl
OK	./books/perl6-at-a-glance/sub3.pl
OK	./books/perl6-at-a-glance/sub30.pl
OK	./books/perl6-at-a-glance/sub31.pl
FAIL	./books/perl6-at-a-glance/sub33.pl
FAIL	./books/perl6-at-a-glance/sub34.pl
OK	./books/perl6-at-a-glance/sub4.pl
OK	./books/perl6-at-a-glance/sub5.pl
OK	./books/perl6-at-a-glance/sub6.pl
OK	./books/perl6-at-a-glance/sub7.pl
OK	./books/perl6-at-a-glance/sub8.pl
OK	./books/perl6-at-a-glance/sub9.pl
OK	./books/perl6-at-a-glance/subset.pl
OK	./books/perl6-at-a-glance/t.pl
OK	./books/perl6-at-a-glance/try1.pl
OK	./books/perl6-at-a-glance/twigil-question.pl
OK	./books/perl6-at-a-glance/twigil-vars.pl
OK	./books/perl6-at-a-glance/uni1.pl
OK	./books/perl6-at-a-glance/uni2.pl
OK	./books/perl6-at-a-glance/uni3.pl
OK	./books/perl6-at-a-glance/uni4.pl
OK	./books/perl6-at-a-glance/uni5.pl
OK	./books/perl6-at-a-glance/uni6.pl
OK	./books/perl6-at-a-glance/uni7.pl
OK	./books/perl6-at-a-glance/uni8.pl
OK	./books/perl6-at-a-glance/uni9.pl
OK	./books/perl6-at-a-glance/var17.pl
FAIL	./books/perl6-at-a-glance/web1.pl
FAIL	./books/perl6-at-a-glance/web2.pl
FAIL	./books/perl6-at-a-glance/web3.pl
FAIL	./books/perl6-at-a-glance/web4.pl
FAIL	./books/perl6-at-a-glance/web4a.pl
FAIL	./books/perl6-at-a-glance/web6.pl
FAIL	./books/perl6-at-a-glance/web7.pl
OK	./books/perl6-at-a-glance/whatever1.pl
OK	./books/perl6-at-a-glance/whatever10.pl
FAIL	./books/perl6-at-a-glance/whatever11.pl
OK	./books/perl6-at-a-glance/whatever12.pl
OK	./books/perl6-at-a-glance/whatever2.pl
OK	./books/perl6-at-a-glance/whatever3.pl
OK	./books/perl6-at-a-glance/whatever4.pl
OK	./books/perl6-at-a-glance/whatever5.pl
OK	./books/perl6-at-a-glance/whatever6.pl
OK	./books/perl6-at-a-glance/whatever7.pl
OK	./books/perl6-at-a-glance/whatever8.pl
OK	./books/perl6-at-a-glance/whatever9.pl
OK	./books/perl6-calendar-2019/01-jan-factorial.raku
OK	./books/perl6-calendar-2019/02-feb-2019th-prime.raku
OK	./books/perl6-calendar-2019/03-mar-circle-area.raku
OK	./books/perl6-calendar-2019/04-apr-sleep-sort.raku
OK	./books/perl6-calendar-2019/05-may-digit-sum.raku
OK	./books/perl6-calendar-2019/06-jun-random-password.raku
OK	./books/perl6-calendar-2019/07-jul-exact-zero.raku
OK	./books/perl6-calendar-2019/08-aug-random-integer.raku
OK	./books/perl6-calendar-2019/09-sep-increment-array.raku
OK	./books/perl6-calendar-2019/10-oct-todays-date.raku
OK	./books/perl6-calendar-2019/11-nov-product-table.raku
OK	./books/perl6-calendar-2019/12-dec-winter-test.raku
OK	./books/raku-one-liners/11-read-argfiles.raku
OK	./books/raku-one-liners/12-renaming-files.raku
OK	./books/raku-one-liners/13a-merge-files-horizontally.raku
OK	./books/raku-one-liners/13b-merge-files-horizontally.raku
OK	./books/raku-one-liners/14a-reversing-a-file.raku
OK	./books/raku-one-liners/14b-reversing-a-file.raku
OK	./books/raku-one-liners/14c-reversing-a-file.raku
OK	./books/raku-one-liners/15-show-line-separators.raku
OK	./books/raku-one-liners/16a-reverse-without-chomp.raku
OK	./books/raku-one-liners/16b-reverse-custom-nl-in.raku
OK	./books/raku-one-liners/17a-multiples-of-3-and-5.raku
OK	./books/raku-one-liners/17b-multiples-of-3-and-5.raku
OK	./books/raku-one-liners/17c-multiples-of-3-and-5.raku
OK	./books/raku-one-liners/18a-random-integers.raku
OK	./books/raku-one-liners/20a-largest-palindromic-product.raku
OK	./books/raku-one-liners/20b-largest-palindromic-product.raku
OK	./books/raku-one-liners/21-even-fibonacci-sum.raku
OK	./books/raku-one-liners/22-fibonacci-1000-digits-index.raku
OK	./books/raku-one-liners/23a-distance-complex-plane.raku
OK	./books/raku-one-liners/23b-distance-pythagoras.raku
OK	./books/raku-one-liners/24-10001st-prime.raku
OK	./books/raku-one-liners/25a-pi-draft.raku
OK	./books/raku-one-liners/25b-pi-with-map.raku
OK	./books/raku-one-liners/25c-pi-rat-sequence.raku
OK	./books/raku-one-liners/25d-pi-two-sequences.raku
OK	./books/raku-one-liners/26a-column-totals.raku
OK	./books/raku-one-liners/26b-column-totals-skip-first.raku
OK	./books/raku-one-liners/27a-sum-of-factorials-of-digits.raku
OK	./books/raku-one-liners/27b-sum-of-factorials-of-digits.raku
OK	./books/raku-one-liners/29a-random-passwords.raku
OK	./books/raku-one-liners/29b-password-character-set.raku
OK	./books/raku-one-liners/30a-circle-area-unicode.raku
OK	./books/raku-one-liners/30b-circle-area-ascii.raku
OK	./books/raku-one-liners/31a-date-today.raku
OK	./books/raku-one-liners/31b-date-today.raku
OK	./books/raku-one-liners/32-custom-date-formatter.raku
OK	./books/raku-one-liners/33a-count-sundays.raku
OK	./books/raku-one-liners/33b-count-sundays.raku
OK	./books/raku-one-liners/33c-count-sundays.raku
OK	./books/raku-one-liners/34a-count-sundays-gather.raku
OK	./books/raku-one-liners/34b-count-sundays-map.raku
OK	./books/raku-one-liners/35-factorial-reduction.raku
OK	./books/raku-one-liners/36-smallest-multiple-lcm.raku
OK	./books/raku-one-liners/37-rotate-matrix.raku
OK	./books/raku-one-liners/38a-multiplication-operator.raku
OK	./books/raku-one-liners/38b-exponentiation-operator.raku
OK	./books/raku-one-liners/39-regex-star-quantifier.raku
OK	./books/raku-one-liners/40-regex-min-max-quantifier.raku
OK	./books/raku-one-liners/41-regex-open-range-quantifier.raku
OK	./books/raku-one-liners/42-slurpy-arguments.raku
OK	./books/raku-one-liners/43-slurpy-hash.raku
OK	./books/raku-one-liners/44a-slurpy-single-star.raku
OK	./books/raku-one-liners/44b-slurpy-slurpy.raku
OK	./books/raku-one-liners/45a-dynamic-scope.raku
OK	./books/raku-one-liners/45b-dynamic-scope-blocks.raku
OK	./books/raku-one-liners/46-compiler-variables.raku
OK	./books/raku-one-liners/47-call-all-methods.raku
OK	./books/raku-one-liners/48-infinite-integers.raku
OK	./books/raku-one-liners/49-whatever-multi-method.raku
OK	./books/raku-one-liners/50-echo-whatever.raku
OK	./books/raku-one-liners/51-whatevercode-multi-method.raku
OK	./books/raku-one-liners/52a-stars-homework.raku
OK	./books/raku-one-liners/52b-stars-homework-expanded.raku
OK	./books/raku-one-liners/53a-eval-simple.raku
OK	./books/raku-one-liners/53b-eval-block.raku
OK	./books/raku-one-liners/53c-eval-monkey.raku
OK	./books/raku-one-liners/53d-eval-calculation.raku
OK	./books/raku-one-liners/54a-golf-primes.raku
OK	./books/raku-one-liners/54b-golf-primes-full.raku
OK	./books/raku-one-liners/55a-golf-fibonacci.raku
OK	./books/raku-one-liners/55b-golf-fibonacci.raku
OK	./books/raku-one-liners/55c-golf-fibonacci.raku
OK	./books/raku-one-liners/55d-golf-fibonacci.raku
OK	./books/raku-one-liners/55e-golf-fibonacci.raku
OK	./books/raku-one-liners/55f-golf-fibonacci.raku
OK	./books/raku-one-liners/55g-golf-fibonacci.raku
OK	./books/raku-one-liners/56a-postfix-loop.raku
OK	./books/raku-one-liners/56b-postfix-loop.raku
OK	./books/raku-one-liners/57-caret-range.raku
OK	./books/raku-one-liners/58-sequence-downwards.raku
OK	./books/raku-one-liners/59-map-instead-of-loop.raku
OK	./books/raku-one-liners/60-methods-chaining.raku
OK	./books/raku-one-liners/61-sigilless-variable.raku
OK	./books/raku-one-liners/62-put-vs-say.raku
OK	./books/raku-one-liners/63-exact-zero.raku
OK	./books/raku-one-liners/64-rat-literals.raku
OK	./books/using-raku/add-arrays.pl
OK	./books/using-raku/anagrams.pl
OK	./books/using-raku/approx.pl
OK	./books/using-raku/array-comb.pl
OK	./books/using-raku/array-difference.pl
FAIL	./books/using-raku/array-to-sub.pl
OK	./books/using-raku/average.pl
OK	./books/using-raku/balanced-brackets.pl
OK	./books/using-raku/bin2dec.pl
OK	./books/using-raku/bin2dec2.pl
OK	./books/using-raku/bit-count.pl
OK	./books/using-raku/bit-count2.pl
OK	./books/using-raku/brainfuck.pl
OK	./books/using-raku/caesar.pl
OK	./books/using-raku/calculator-grammars.pl
OK	./books/using-raku/calculator-regexes.pl
OK	./books/using-raku/camel-case.pl
OK	./books/using-raku/cat.pl
OK	./books/using-raku/cat2.pl
OK	./books/using-raku/compressor.pl
OK	./books/using-raku/count-element.pl
OK	./books/using-raku/count-values.pl
OK	./books/using-raku/count-words2.pl
OK	./books/using-raku/countvowels.pl
OK	./books/using-raku/countwords.pl
OK	./books/using-raku/countwords1.pl
OK	./books/using-raku/currency-converter.pl
OK	./books/using-raku/currenttime.pl
OK	./books/using-raku/datediffs.pl
OK	./books/using-raku/dec2bin.pl
OK	./books/using-raku/digit-groups.pl
OK	./books/using-raku/dir.pl
OK	./books/using-raku/distance.pl
OK	./books/using-raku/divide0.pl
OK	./books/using-raku/dna-rna.pl
OK	./books/using-raku/double-character.pl
OK	./books/using-raku/double-character2.pl
OK	./books/using-raku/double-spaces.pl
OK	./books/using-raku/duptext.pl
FAIL	./books/using-raku/essay.pl
OK	./books/using-raku/evennumbers1.pl
OK	./books/using-raku/evennumbers2.pl
OK	./books/using-raku/evennumbers3.pl
OK	./books/using-raku/factorial.pl
OK	./books/using-raku/factorial1.pl
OK	./books/using-raku/factorial2.pl
OK	./books/using-raku/factorial3.pl
OK	./books/using-raku/fibonacci.pl
OK	./books/using-raku/fibonacci2.pl
OK	./books/using-raku/firstodd.pl
OK	./books/using-raku/firstodd1.pl
OK	./books/using-raku/firstodd2.pl
OK	./books/using-raku/formatted-datetime.pl
OK	./books/using-raku/formatteddate2.pl
OK	./books/using-raku/formattedtime.pl
OK	./books/using-raku/greetname1.pl
OK	./books/using-raku/greetname2.pl
OK	./books/using-raku/greetname3.pl
OK	./books/using-raku/guessnumber.pl
OK	./books/using-raku/guessnumber2.pl
OK	./books/using-raku/helloworld1.pl
OK	./books/using-raku/helloworld2.pl
OK	./books/using-raku/incfilename.pl
OK	./books/using-raku/increase-digits.pl
OK	./books/using-raku/increasing.pl
OK	./books/using-raku/increment-array.pl
OK	./books/using-raku/insert-operators.pl
OK	./books/using-raku/intersectingcircles.pl
OK	./books/using-raku/isinlist.pl
OK	./books/using-raku/isinlist2.pl
OK	./books/using-raku/isinlist3.pl
OK	./books/using-raku/isinlist4.pl
OK	./books/using-raku/leapyear.pl
OK	./books/using-raku/leapyear1.pl
OK	./books/using-raku/license-plate.pl
OK	./books/using-raku/longestcommon.pl
OK	./books/using-raku/longestpalindrome.pl
OK	./books/using-raku/minmax.pl
OK	./books/using-raku/minmax2.pl
OK	./books/using-raku/monte-carlo.pl
OK	./books/using-raku/morse-text.pl
OK	./books/using-raku/morse.pl
OK	./books/using-raku/morse2.pl
OK	./books/using-raku/morse3.pl
OK	./books/using-raku/morse4.pl
OK	./books/using-raku/most-frequent-word-2.pl
OK	./books/using-raku/most-frequent-word.pl
OK	./books/using-raku/moving-average.pl
OK	./books/using-raku/multiply.pl
OK	./books/using-raku/num-den.pl
OK	./books/using-raku/oddnumbers.pl
OK	./books/using-raku/oddnumbers1.pl
OK	./books/using-raku/oddnumbers3.pl
OK	./books/using-raku/ordergetmax.pl
OK	./books/using-raku/palindrome.pl
OK	./books/using-raku/palindrome2.pl
OK	./books/using-raku/palindrome3.pl
OK	./books/using-raku/parallel-dir.pl
OK	./books/using-raku/parallel-monte-carlo.pl
OK	./books/using-raku/pascal-triangle.pl
OK	./books/using-raku/password.pl
OK	./books/using-raku/password2.pl
OK	./books/using-raku/password3.pl
OK	./books/using-raku/password4.pl
OK	./books/using-raku/perfect.pl
OK	./books/using-raku/pi.pl
OK	./books/using-raku/pig-latin.pl
OK	./books/using-raku/plural.pl
OK	./books/using-raku/pod.pl
OK	./books/using-raku/polar.pl
OK	./books/using-raku/power2-1.pl
OK	./books/using-raku/power2-2.pl
OK	./books/using-raku/power2.pl
OK	./books/using-raku/prime-factors.pl
OK	./books/using-raku/prime.pl
OK	./books/using-raku/prime2.pl
OK	./books/using-raku/primelist.pl
OK	./books/using-raku/primelist2.pl
OK	./books/using-raku/primelist3.pl
OK	./books/using-raku/primelist4.pl
OK	./books/using-raku/primelist5.pl
OK	./books/using-raku/producttable.pl
OK	./books/using-raku/producttable2.pl
OK	./books/using-raku/producttable3.pl
OK	./books/using-raku/producttable4.pl
OK	./books/using-raku/producttable5.pl
OK	./books/using-raku/producttable6.pl
OK	./books/using-raku/radix.pl
OK	./books/using-raku/rand.pl
OK	./books/using-raku/random-histogram.pl
OK	./books/using-raku/random-neumann.pl
OK	./books/using-raku/removespaces.pl
OK	./books/using-raku/removespaces1.pl
OK	./books/using-raku/repeatedwords.pl
OK	./books/using-raku/reverselist.pl
OK	./books/using-raku/reversestring.pl
OK	./books/using-raku/roman-test.pl
OK	./books/using-raku/roman.pl
OK	./books/using-raku/roman2.pl
OK	./books/using-raku/rotatelist.pl
OK	./books/using-raku/rotatelist2.pl
OK	./books/using-raku/rotatelist3.pl
OK	./books/using-raku/rotatelist4.pl
OK	./books/using-raku/run.pl
OK	./books/using-raku/shuffle.pl
OK	./books/using-raku/sleep-sort.pl
OK	./books/using-raku/sort-hash.pl
OK	./books/using-raku/spell-number.pl
OK	./books/using-raku/spell-number2.pl
OK	./books/using-raku/spell-number3.pl
OK	./books/using-raku/squares.pl
OK	./books/using-raku/squares2.pl
OK	./books/using-raku/squares3.pl
OK	./books/using-raku/srand.pl
OK	./books/using-raku/std-deviation.pl
OK	./books/using-raku/stringlength.pl
OK	./books/using-raku/sumofdigits.pl
OK	./books/using-raku/sumofdigits2.pl
OK	./books/using-raku/sumofelements.pl
OK	./books/using-raku/sumofelements2.pl
OK	./books/using-raku/sumofnumbers.pl
OK	./books/using-raku/sumofnumbers1.pl
OK	./books/using-raku/sumofnumbers2.pl
OK	./books/using-raku/swap.pl
OK	./books/using-raku/swap2.pl
OK	./books/using-raku/swap3.pl
OK	./books/using-raku/swap4.pl
OK	./books/using-raku/templating.pl
OK	./books/using-raku/timeout.pl
OK	./books/using-raku/transpose-matrix.pl
OK	./books/using-raku/trim.pl
OK	./books/using-raku/unicode-digits.pl
OK	./books/using-raku/uniq.pl
OK	./books/using-raku/uniq2.pl
OK	./books/using-raku/unique.pl
OK	./books/using-raku/uniquedigits.pl
OK	./books/using-raku/vowels.pl
OK	./challenges/advent-of-code/2016/01/01-2.raku
OK	./challenges/advent-of-code/2016/01/01.raku
OK	./challenges/advent-of-code/2017/01/01-2.raku
OK	./challenges/advent-of-code/2017/01/01.raku
OK	./challenges/advent-of-code/2019/01/01-2.raku
OK	./challenges/advent-of-code/2019/01/01.raku
OK	./challenges/advent-of-code/2019/02/02-2.raku
OK	./challenges/advent-of-code/2019/02/02.raku
OK	./challenges/advent-of-code/2020/01/01.raku
OK	./challenges/advent-of-code/2020/02/02-2.raku
OK	./challenges/advent-of-code/2020/02/02.raku
OK	./challenges/advent-of-code/2020/03/03-2.raku
OK	./challenges/advent-of-code/2020/03/03.raku
OK	./challenges/advent-of-code/2020/04/04-2.raku
OK	./challenges/advent-of-code/2020/04/04.raku
OK	./challenges/advent-of-code/2020/05/05-2.raku
OK	./challenges/advent-of-code/2020/05/05.raku
OK	./challenges/advent-of-code/2020/06/06-2.raku
OK	./challenges/advent-of-code/2020/06/06.raku
OK	./challenges/advent-of-code/2020/07/07.raku
OK	./challenges/advent-of-code/2020/08/08-2.raku
OK	./challenges/advent-of-code/2020/08/08.raku
OK	./challenges/advent-of-code/2020/09/09-2.raku
OK	./challenges/advent-of-code/2020/09/09.raku
OK	./challenges/advent-of-code/2020/12/12.raku
OK	./challenges/advent-of-code/2020/18/18-2.raku
OK	./challenges/advent-of-code/2020/18/18.raku
OK	./challenges/advent-of-raku-2020/01/01.raku
OK	./challenges/advent-of-raku-2020/02/02-2.raku
OK	./challenges/advent-of-raku-2020/02/02.raku
OK	./challenges/advent-of-raku-2020/03/03-2.raku
OK	./challenges/advent-of-raku-2020/03/03.raku
OK	./challenges/advent-of-raku-2020/04/04-2.raku
OK	./challenges/advent-of-raku-2020/04/04.raku
OK	./challenges/advent-of-raku-2020/05/05-2.raku
OK	./challenges/advent-of-raku-2020/05/05.raku
OK	./challenges/advent-of-raku-2020/06/06-2.raku
OK	./challenges/advent-of-raku-2020/06/06.raku
OK	./challenges/advent-of-raku-2020/07/07-2.raku
OK	./challenges/advent-of-raku-2020/07/07.raku
OK	./challenges/advent-of-raku-2020/08/08-2.raku
OK	./challenges/advent-of-raku-2020/08/08.raku
OK	./challenges/advent-of-raku-2020/09/09-2.raku
OK	./challenges/advent-of-raku-2020/09/09.raku
OK	./challenges/advent-of-raku-2020/10/10.raku
OK	./challenges/advent-of-raku-2020/12/12.raku
OK	./challenges/perl-weekly-challenge/001/ch-1.raku
OK	./challenges/perl-weekly-challenge/001/ch-2.raku
OK	./challenges/perl-weekly-challenge/002/ch-1.raku
OK	./challenges/perl-weekly-challenge/002/ch-2.raku
OK	./challenges/perl-weekly-challenge/003/ch-1.raku
OK	./challenges/perl-weekly-challenge/003/ch-2.raku
OK	./challenges/perl-weekly-challenge/003/prime-factors.raku
OK	./challenges/perl-weekly-challenge/004/ch-1.raku
OK	./challenges/perl-weekly-challenge/007/ch-1.raku
OK	./challenges/perl-weekly-challenge/017/ch-1.raku
OK	./challenges/perl-weekly-challenge/018/ch-2.raku
OK	./challenges/perl-weekly-challenge/021/ch-1.raku
OK	./challenges/perl-weekly-challenge/022/ch-1.raku
OK	./challenges/perl-weekly-challenge/026/ch-1.raku
OK	./challenges/perl-weekly-challenge/026/ch-1a.raku
OK	./challenges/perl-weekly-challenge/028/ch-1.raku
OK	./challenges/perl-weekly-challenge/030/ch-1.raku
OK	./challenges/perl-weekly-challenge/030/ch-2.raku
OK	./challenges/perl-weekly-challenge/031/ch-1.raku
OK	./challenges/perl-weekly-challenge/031/ch-1a.raku
OK	./challenges/perl-weekly-challenge/040/ch-1.raku
OK	./challenges/perl-weekly-challenge/041/ch-2.raku
OK	./challenges/perl-weekly-challenge/042/ch-1.raku
OK	./challenges/perl-weekly-challenge/044/ch-1.raku
OK	./challenges/perl-weekly-challenge/047/ch-2.raku
OK	./challenges/perl-weekly-challenge/048/ch-2.raku
OK	./challenges/perl-weekly-challenge/049/ch-1.raku
OK	./challenges/perl-weekly-challenge/052/ch-1.raku
OK	./challenges/perl-weekly-challenge/053/ch-1.raku
OK	./challenges/perl-weekly-challenge/054/ch-2.raku
OK	./challenges/perl-weekly-challenge/055/ch-2.raku
OK	./challenges/perl-weekly-challenge/055/ch-2a.raku
OK	./challenges/perl-weekly-challenge/057/ch-2.raku
OK	./challenges/perl-weekly-challenge/060/ch-2.raku
OK	./challenges/perl-weekly-challenge/063/ch-1.raku
OK	./challenges/perl-weekly-challenge/065/ch-1.raku
OK	./challenges/perl-weekly-challenge/066/ch-1.raku
OK	./challenges/perl-weekly-challenge/066/ch-1a.raku
OK	./challenges/perl-weekly-challenge/066/ch-1b.raku
OK	./challenges/perl-weekly-challenge/066/ch-1c.raku
OK	./challenges/perl-weekly-challenge/066/ch-1d.raku
OK	./challenges/perl-weekly-challenge/066/ch-1e.raku
OK	./challenges/perl-weekly-challenge/066/ch-2.raku
OK	./challenges/perl-weekly-challenge/066/ch-2a.raku
OK	./challenges/perl-weekly-challenge/066/ch-2b.raku
OK	./challenges/perl-weekly-challenge/066/ch-2c.raku
OK	./challenges/perl-weekly-challenge/067/ch-1.raku
OK	./challenges/perl-weekly-challenge/067/ch-2.raku
OK	./challenges/perl-weekly-challenge/068/ch-1.raku
OK	./challenges/perl-weekly-challenge/069/ch-1.raku
OK	./challenges/perl-weekly-challenge/069/ch-2-bits.raku
OK	./challenges/perl-weekly-challenge/069/ch-2-seq-func.raku
OK	./challenges/perl-weekly-challenge/069/ch-2-seq.raku
OK	./challenges/perl-weekly-challenge/069/ch-2.raku
OK	./challenges/perl-weekly-challenge/070/ch-1.raku
OK	./challenges/perl-weekly-challenge/070/ch-2.raku
OK	./challenges/perl-weekly-challenge/071/ch-1.raku
OK	./challenges/perl-weekly-challenge/071/ch-2.raku
OK	./challenges/perl-weekly-challenge/072/ch-1.raku
OK	./challenges/perl-weekly-challenge/072/ch-2.raku
OK	./challenges/perl-weekly-challenge/073/ch-1.raku
OK	./challenges/perl-weekly-challenge/073/ch-2.raku
OK	./challenges/perl-weekly-challenge/073/ch-2a.raku
OK	./challenges/perl-weekly-challenge/074/ch-1.raku
OK	./challenges/perl-weekly-challenge/074/ch-2.raku
OK	./challenges/perl-weekly-challenge/075/ch-1.raku
OK	./challenges/perl-weekly-challenge/075/ch-2.raku
OK	./challenges/perl-weekly-challenge/075/ch-2a.raku
OK	./challenges/perl-weekly-challenge/077/ch-1.raku
OK	./challenges/perl-weekly-challenge/077/ch-1a.raku
FAIL	./challenges/perl-weekly-challenge/077/ch-2.pl
OK	./challenges/perl-weekly-challenge/077/ch-2.raku
OK	./challenges/perl-weekly-challenge/078/ch-1.raku
OK	./challenges/perl-weekly-challenge/078/ch-2.raku
OK	./challenges/perl-weekly-challenge/079/ch-1.raku
OK	./challenges/perl-weekly-challenge/079/ch-1a.raku
OK	./challenges/perl-weekly-challenge/079/ch-2.raku
OK	./challenges/perl-weekly-challenge/080/ch-1.raku
OK	./challenges/perl-weekly-challenge/080/ch-2.raku
OK	./challenges/perl-weekly-challenge/081/ch-1.raku
OK	./challenges/perl-weekly-challenge/081/ch-2.raku
OK	./challenges/perl-weekly-challenge/082/ch-1.raku
OK	./challenges/perl-weekly-challenge/082/ch-2.raku
OK	./challenges/perl-weekly-challenge/083/ch-1.raku
OK	./challenges/perl-weekly-challenge/083/ch-2.raku
OK	./challenges/perl-weekly-challenge/084/ch-1.raku
OK	./challenges/perl-weekly-challenge/084/ch-2.raku
OK	./challenges/perl-weekly-challenge/085/ch-1.raku
OK	./challenges/perl-weekly-challenge/085/ch-2.raku
OK	./challenges/perl-weekly-challenge/086/ch-1.raku
OK	./challenges/perl-weekly-challenge/087/ch-1.raku
OK	./challenges/perl-weekly-challenge/087/ch-1a.raku
OK	./challenges/perl-weekly-challenge/087/ch-2.raku
OK	./challenges/perl-weekly-challenge/087/t.raku
OK	./challenges/perl-weekly-challenge/088/ch-1.raku
FAIL	./challenges/perl-weekly-challenge/089/ch-1.pl
OK	./challenges/perl-weekly-challenge/089/ch-1.raku
OK	./challenges/perl-weekly-challenge/090/ch-1.raku
OK	./challenges/perl-weekly-challenge/090/ch-2.raku
OK	./challenges/perl-weekly-challenge/091/ch-1.raku
OK	./challenges/perl-weekly-challenge/091/ch-1a.raku
OK	./challenges/perl-weekly-challenge/091/ch-2.raku
OK	./challenges/perl-weekly-challenge/092/ch-1.raku
OK	./challenges/perl-weekly-challenge/092/ch-1a.raku
OK	./challenges/perl-weekly-challenge/095/ch-1.raku
OK	./challenges/perl-weekly-challenge/095/ch-2.raku
OK	./challenges/perl-weekly-challenge/096/ch-1.raku
OK	./challenges/perl-weekly-challenge/126/ch-1.raku
OK	./challenges/perl-weekly-challenge/127/ch-1.raku
OK	./challenges/perl-weekly-challenge/137/ch-1.raku
OK	./challenges/perl-weekly-challenge/138/ch-1.raku
OK	./challenges/perl-weekly-challenge/139/ch-1.raku
OK	./challenges/perl-weekly-challenge/140/ch-1.raku
OK	./challenges/perl-weekly-challenge/140/ch-2.raku
OK	./challenges/perl-weekly-challenge/142/ch-2.raku
OK	./challenges/perl-weekly-challenge/142/ch-2a.raku
OK	./challenges/perl-weekly-challenge/145/ch-1.raku
OK	./challenges/perl-weekly-challenge/146/ch-1.raku
OK	./challenges/perl-weekly-challenge/150/ch-1.raku
OK	./challenges/perl-weekly-challenge/204/ch-1.raku
OK	./challenges/perl-weekly-challenge/204/ch-2.raku
OK	./challenges/perl-weekly-challenge/227/ch-1.raku
OK	./challenges/perl-weekly-challenge/227/ch-1a.raku
OK	./challenges/perl-weekly-challenge/227/ch-1b.raku
OK	./challenges/perl-weekly-challenge/227/ch-2.raku
OK	./challenges/perl-weekly-challenge/231/ch-1.raku
OK	./challenges/perl-weekly-challenge/231/ch-2.raku
OK	./challenges/perl-weekly-challenge/233/ch-1.raku
OK	./challenges/perl-weekly-challenge/233/ch-2.raku
OK	./challenges/perl-weekly-challenge/256/ch-1.raku
OK	./challenges/perl-weekly-challenge/256/ch-2.raku
OK	./challenges/perl-weekly-challenge/258/ch-1.raku
OK	./challenges/perl-weekly-challenge/258/ch-2.raku
OK	./challenges/perl-weekly-challenge/261/ch-1.raku
OK	./challenges/perl-weekly-challenge/261/ch-2.raku
OK	./challenges/perl-weekly-challenge/262/ch-1.raku
OK	./challenges/perl-weekly-challenge/262/ch-2.raku
OK	./challenges/perl-weekly-challenge/263/ch-1.raku
OK	./challenges/perl-weekly-challenge/263/ch-2.raku
OK	./challenges/perl-weekly-challenge/264/ch-1.raku
OK	./challenges/perl-weekly-challenge/264/ch-1a.raku
OK	./challenges/perl-weekly-challenge/264/ch-2.raku
OK	./challenges/perl-weekly-challenge/265/ch-1.raku
OK	./challenges/perl-weekly-challenge/268/ch-1.raku
OK	./challenges/perl-weekly-challenge/268/ch-2.raku
OK	./challenges/perl-weekly-challenge/273/ch-1.raku
OK	./challenges/perl-weekly-challenge/273/ch-2.raku
OK	./challenges/perl-weekly-challenge/320/ch-1.raku
OK	./challenges/perl-weekly-challenge/320/ch-1a.raku
OK	./challenges/perl-weekly-challenge/320/ch-2.raku
OK	./challenges/perl-weekly-challenge/321/ch-1.raku
OK	./challenges/perl-weekly-challenge/321/ch-2.raku
OK	./challenges/perl-weekly-challenge/322/ch-1.raku
OK	./challenges/perl-weekly-challenge/322/ch-2.raku
OK	./challenges/perl-weekly-challenge/323/ch-1.raku
OK	./challenges/perl-weekly-challenge/323/ch-2.raku
OK	./challenges/perl-weekly-challenge/324/ch-1.raku
OK	./challenges/perl-weekly-challenge/324/ch-2.raku
OK	./challenges/perl-weekly-challenge/325/ch-1.raku
OK	./challenges/perl-weekly-challenge/325/ch-2.raku
OK	./challenges/perl-weekly-challenge/326/ch-1.raku
OK	./challenges/perl-weekly-challenge/326/ch-2.raku
OK	./challenges/perl-weekly-challenge/327/ch-1.raku
OK	./challenges/perl-weekly-challenge/327/ch-2.raku
OK	./challenges/perl-weekly-challenge/327/ch-2a.raku
OK	./challenges/perl-weekly-challenge/328/ch-1.raku
OK	./challenges/perl-weekly-challenge/328/ch-2.raku
OK	./challenges/perl-weekly-challenge/329/ch-1.raku
OK	./challenges/perl-weekly-challenge/329/ch-2.raku
OK	./challenges/perl-weekly-challenge/330/ch-1.raku
OK	./challenges/perl-weekly-challenge/330/ch-2.raku
OK	./challenges/perl-weekly-challenge/331/ch-1.raku
OK	./challenges/perl-weekly-challenge/331/ch-2.raku
OK	./challenges/perl-weekly-challenge/332/ch-1.raku
OK	./challenges/perl-weekly-challenge/332/ch-2.raku
OK	./challenges/perl-weekly-challenge/333/ch-1.raku
OK	./challenges/perl-weekly-challenge/333/ch-2.raku
OK	./challenges/perl-weekly-challenge/334/ch-1.raku
OK	./challenges/perl-weekly-challenge/334/ch-2.raku
OK	./challenges/perl-weekly-challenge/335/ch-1.raku
OK	./challenges/perl-weekly-challenge/335/ch-2.raku
OK	./challenges/perl-weekly-challenge/336/ch-2.raku
OK	./challenges/perl-weekly-challenge/338/ch-1.raku
OK	./challenges/perl-weekly-challenge/338/ch-2.raku
OK	./challenges/perl-weekly-challenge/340/ch-1.raku
OK	./challenges/perl-weekly-challenge/340/ch-2.raku
OK	./challenges/perl-weekly-challenge/341/ch-1.raku
OK	./challenges/perl-weekly-challenge/341/ch-2.raku
OK	./challenges/perl-weekly-challenge/342/ch-1.raku
OK	./challenges/perl-weekly-challenge/342/ch-2.raku
OK	./challenges/perl-weekly-challenge/343/ch-1.raku
OK	./challenges/perl-weekly-challenge/344/ch-1.raku
OK	./challenges/perl-weekly-challenge/344/ch-2.raku
OK	./challenges/perl-weekly-challenge/345/ch-1.raku
OK	./challenges/perl-weekly-challenge/345/ch-2.raku
OK	./challenges/perl-weekly-challenge/346/ch-1.raku
OK	./challenges/perl-weekly-challenge/348/ch-1.raku
OK	./challenges/perl-weekly-challenge/349/ch-1.raku
OK	./challenges/perl-weekly-challenge/349/ch-2.raku
OK	./challenges/perl-weekly-challenge/351/ch-1.raku
OK	./challenges/perl-weekly-challenge/351/ch-2.raku
OK	./challenges/perl-weekly-challenge/354/ch-1.raku
OK	./challenges/perl-weekly-challenge/354/ch-2.raku
OK	./challenges/perl-weekly-challenge/355/ch-1.raku
OK	./challenges/perl-weekly-challenge/355/ch-2.raku
OK	./challenges/perl-weekly-challenge/356/ch-1.raku
OK	./challenges/perl-weekly-challenge/362/ch-1.raku
FAIL	./challenges/perl-weekly-challenge/362/ch-2.raku
OK	./challenges/project-euler/001.pl
OK	./challenges/project-euler/002.pl
OK	./challenges/project-euler/003.pl
OK	./challenges/project-euler/004.pl
OK	./challenges/project-euler/005.pl
OK	./challenges/project-euler/006.pl
OK	./challenges/project-euler/007.pl
OK	./challenges/project-euler/008.pl
OK	./challenges/project-euler/009.pl
OK	./challenges/project-euler/010.pl
OK	./challenges/project-euler/013.pl
OK	./challenges/project-euler/019.pl
OK	./challenges/project-euler/020.pl
OK	./challenges/project-euler/025.pl
OK	./challenges/project-euler/034.pl
OK	./challenges/project-euler/036.pl
OK	./challenges/project-euler/048.pl
OK	./course/examples/allomorphs.raku
OK	./course/examples/cc.raku
OK	./course/examples/dictionary.raku
OK	./course/examples/distances.raku
OK	./course/examples/hello.raku
OK	./course/examples/helloworld.raku
OK	./course/examples/unicode-digits.raku
OK	./course/exercises/advanced/anonymous-subroutines/anonymous-square.raku
OK	./course/exercises/advanced/anonymous-subroutines/sum-with-sigil.raku
OK	./course/exercises/advanced/anonymous-subroutines/triple-it.raku
OK	./course/exercises/advanced/block-phasers/clean-up-on-leave.raku
OK	./course/exercises/advanced/block-phasers/enter-a-block.raku
OK	./course/exercises/advanced/block-phasers/next-phaser.raku
OK	./course/exercises/advanced/colon-calls/colon-join.raku
OK	./course/exercises/advanced/colon-calls/colon-map.raku
OK	./course/exercises/advanced/colon-calls/colon-sort.raku
OK	./course/exercises/advanced/contexts/boolean-check.raku
OK	./course/exercises/advanced/contexts/force-a-number.raku
OK	./course/exercises/advanced/contexts/item-or-list.raku
OK	./course/exercises/advanced/date-and-time/day-of-week.raku
OK	./course/exercises/advanced/date-and-time/days-until-christmas.raku
OK	./course/exercises/advanced/date-and-time/one-week-later.raku
OK	./course/exercises/advanced/dd/dump-a-hash.raku
OK	./course/exercises/advanced/dd/dump-the-structure.raku
OK	./course/exercises/advanced/dd/dump-typed.raku
OK	./course/exercises/advanced/enumerations/enum-introspection.raku
OK	./course/exercises/advanced/enumerations/traffic-enum.raku
OK	./course/exercises/advanced/enumerations/weekday-values.raku
OK	./course/exercises/advanced/gather-take/collect-the-evens.raku
OK	./course/exercises/advanced/gather-take/gather-big.raku
OK	./course/exercises/advanced/gather-take/squares.raku
OK	./course/exercises/advanced/given-when/grade-the-score.raku
OK	./course/exercises/advanced/given-when/match-by-type.raku
OK	./course/exercises/advanced/given-when/sign-of-a-number.raku
OK	./course/exercises/advanced/integers/big-factorial.raku
OK	./course/exercises/advanced/integers/hex-to-decimal.raku
OK	./course/exercises/advanced/integers/prime-check.raku
OK	./course/exercises/advanced/introspection/container-default.raku
OK	./course/exercises/advanced/introspection/describe-a-variable.raku
OK	./course/exercises/advanced/introspection/what-is-it.raku
OK	./course/exercises/advanced/metaoperators/concatenate-a-list.raku
OK	./course/exercises/advanced/metaoperators/factorial.raku
OK	./course/exercises/advanced/metaoperators/sum-of-array.raku
OK	./course/exercises/advanced/module-introspection/list-the-symbols/Circle.rakumod
OKI	./course/exercises/advanced/module-introspection/list-the-symbols/list.raku
OK	./course/exercises/advanced/module-introspection/lookup-symbol/Circle.rakumod
OKI	./course/exercises/advanced/module-introspection/lookup-symbol/lookup.raku
OK	./course/exercises/advanced/modules-basics/maths-module/Maths.rakumod
OKI	./course/exercises/advanced/modules-basics/maths-module/maths.raku
OK	./course/exercises/advanced/modules-basics/read-the-constant/Circle.rakumod
OKI	./course/exercises/advanced/modules-basics/read-the-constant/read-pi.raku
OK	./course/exercises/advanced/modules-basics/require-at-runtime/Greeting.rakumod
OK	./course/exercises/advanced/modules-basics/require-at-runtime/require-import.raku
OK	./course/exercises/advanced/modules-basics/shout-module/Shouter.rakumod
OKI	./course/exercises/advanced/modules-basics/shout-module/shout.raku
OK	./course/exercises/advanced/modules-basics/stats-module/Stats.rakumod
OKI	./course/exercises/advanced/modules-basics/stats-module/stats.raku
OK	./course/exercises/advanced/modules-basics/two-functions/Calc.rakumod
OKI	./course/exercises/advanced/modules-basics/two-functions/calc.raku
OK	./course/exercises/advanced/modules-basics/use-temperature/Temperature.rakumod
OKI	./course/exercises/advanced/modules-basics/use-temperature/temperature.raku
OK	./course/exercises/advanced/more-on-main/boolean-flag.raku
OK	./course/exercises/advanced/more-on-main/two-arguments.raku
OK	./course/exercises/advanced/more-on-main/typed-main.raku
OK	./course/exercises/advanced/multiple-dispatch/absolute-value.raku
OK	./course/exercises/advanced/multiple-dispatch/bulk-pricing.raku
OK	./course/exercises/advanced/multiple-dispatch/classify-sign.raku
OK	./course/exercises/advanced/native-types/native-array.raku
OK	./course/exercises/advanced/native-types/native-default.raku
OK	./course/exercises/advanced/native-types/wrap-around.raku
OK	./course/exercises/advanced/nested-subroutines/closure-over-outer.raku
OK	./course/exercises/advanced/nested-subroutines/inner-sum.raku
OK	./course/exercises/advanced/nested-subroutines/private-helper.raku
OK	./course/exercises/advanced/operator-types/boolean-of-a-value.raku
OK	./course/exercises/advanced/operator-types/count-up.raku
OK	./course/exercises/advanced/operator-types/subscript-a-hash.raku
OK	./course/exercises/advanced/operators-overview/chained-comparison.raku
OK	./course/exercises/advanced/operators-overview/force-the-order.raku
OK	./course/exercises/advanced/operators-overview/power-tower.raku
OK	./course/exercises/advanced/ordered-containers/alias-an-array.raku
OK	./course/exercises/advanced/ordered-containers/bind-a-scalar.raku
OK	./course/exercises/advanced/ordered-containers/flatten-the-parts.raku
OK	./course/exercises/advanced/packages/a-package.raku
OK	./course/exercises/advanced/packages/nested-name.raku
OK	./course/exercises/advanced/packages/our-variable.raku
OK	./course/exercises/advanced/phasers/begin-first.raku
OK	./course/exercises/advanced/phasers/end-order.raku
OK	./course/exercises/advanced/phasers/final-message.raku
OK	./course/exercises/advanced/pod/a-pod-section.raku
OK	./course/exercises/advanced/pod/formatted-text.raku
OK	./course/exercises/advanced/quoting/a-heredoc.raku
OK	./course/exercises/advanced/quoting/closure-quote.raku
OK	./course/exercises/advanced/quoting/raw-string.raku
OK	./course/exercises/advanced/scalar-containers/default-discount.raku
OK	./course/exercises/advanced/scalar-containers/integers-only.raku
OK	./course/exercises/advanced/scalar-containers/reuse-the-container.raku
OK	./course/exercises/advanced/sequences/last-three.raku
OK	./course/exercises/advanced/sequences/odd-numbers.raku
OK	./course/exercises/advanced/sequences/powers-of-two.raku
OK	./course/exercises/advanced/sets-bags-mixes/bag-count.raku
OK	./course/exercises/advanced/sets-bags-mixes/common-elements.raku
OK	./course/exercises/advanced/sets-bags-mixes/count-the-distinct.raku
OK	./course/exercises/advanced/signatures/optional-exponent.raku
OK	./course/exercises/advanced/signatures/slurpy-hash.raku
OK	./course/exercises/advanced/signatures/sum-all-arguments.raku
OK	./course/exercises/advanced/special-variables/a-dynamic-variable.raku
OK	./course/exercises/advanced/special-variables/override-dynamic.raku
OK	./course/exercises/advanced/special-variables/topic-variable.raku
OK	./course/exercises/advanced/statement-prefixes/do-block.raku
OK	./course/exercises/advanced/statement-prefixes/force-eager.raku
OK	./course/exercises/advanced/statement-prefixes/silence-warning.raku
OK	./course/exercises/advanced/strings/acronym.raku
OK	./course/exercises/advanced/strings/find-domain.raku
OK	./course/exercises/advanced/strings/hello-concatenation.raku
OK	./course/exercises/advanced/strings/hello-interpolation.raku
OK	./course/exercises/advanced/strings/name-length.raku
OK	./course/exercises/advanced/strings/purchase-table.raku
OK	./course/exercises/advanced/strings/reverse-and-shout.raku
OK	./course/exercises/advanced/subscript-adverbs/check-exists.raku
OK	./course/exercises/advanced/subscript-adverbs/delete-a-key.raku
OK	./course/exercises/advanced/subscript-adverbs/key-and-value.raku
OK	./course/exercises/advanced/testing/a-first-test.raku
OK	./course/exercises/advanced/testing/compare-values.raku
OK	./course/exercises/advanced/testing/test-a-list.raku
OK	./course/exercises/advanced/traits-pragmas/custom-trait.raku
OK	./course/exercises/advanced/traits-pragmas/no-strict.raku
OK	./course/exercises/advanced/traits-pragmas/writable-parameter.raku
OK	./course/exercises/advanced/user-defined-operators/average-operator.raku
OK	./course/exercises/advanced/user-defined-operators/percent-of-operator.raku
OK	./course/exercises/advanced/user-defined-operators/square-operator.raku
OK	./course/exercises/advanced/whatever/open-range.raku
OK	./course/exercises/advanced/whatever/two-arg-whatever.raku
OK	./course/exercises/advanced/whatever/whatever-map.raku
OK	./course/exercises/associatives/country-codes.raku
OK	./course/exercises/associatives/purchase-table.raku
OK	./course/exercises/associatives/replace-with-antonyms.raku
OK	./course/exercises/associatives/salary-raise.raku
OK	./course/exercises/associatives/seen-before.raku
OK	./course/exercises/associatives/travel-distance.raku
OK	./course/exercises/booleans/double-negation.raku
OK	./course/exercises/booleans/tables.raku
OK	./course/exercises/booleans/triple-negation.raku
OK	./course/exercises/built-in-functions-for-printing/compare-say-and-put.raku
OK	./course/exercises/built-in-functions-for-printing/print-the-warning.raku
OK	./course/exercises/coercion/fractional-part.raku
OK	./course/exercises/coercion/true-false-numbers.raku
OK	./course/exercises/coercion/true-false-strings.raku
OK	./course/exercises/conditional-checks/fizz-buzz.raku
OK	./course/exercises/conditional-checks/how-many-equal-numbers.raku
OK	./course/exercises/conditional-checks/leap-year-formula.raku
OK	./course/exercises/conditional-checks/leap-year.raku
OK	./course/exercises/conditional-checks/plural-ending.raku
OK	./course/exercises/essentials/associatives/country-codes.raku
OK	./course/exercises/essentials/associatives/purchase-table.raku
OK	./course/exercises/essentials/associatives/replace-with-antonyms.raku
OK	./course/exercises/essentials/associatives/salary-raise.raku
OK	./course/exercises/essentials/associatives/seen-before.raku
OK	./course/exercises/essentials/associatives/travel-distance.raku
OK	./course/exercises/essentials/booleans/double-negation.raku
OK	./course/exercises/essentials/booleans/tables.raku
OK	./course/exercises/essentials/booleans/triple-negation.raku
OK	./course/exercises/essentials/built-in-functions-for-printing/compare-say-and-put.raku
OK	./course/exercises/essentials/built-in-functions-for-printing/print-the-warning.raku
OK	./course/exercises/essentials/coercion/fractional-part.raku
OK	./course/exercises/essentials/coercion/true-false-numbers.raku
OK	./course/exercises/essentials/coercion/true-false-strings.raku
OK	./course/exercises/essentials/conditional-checks/fizz-buzz.raku
OK	./course/exercises/essentials/conditional-checks/how-many-equal-numbers.raku
OK	./course/exercises/essentials/conditional-checks/leap-year-formula.raku
OK	./course/exercises/essentials/conditional-checks/leap-year.raku
OK	./course/exercises/essentials/conditional-checks/plural-ending.raku
OK	./course/exercises/essentials/functions/function-table.raku
OK	./course/exercises/essentials/functions/function-x-to-the-power-of-y.raku
OK	./course/exercises/essentials/functions/interval-function.raku
OK	./course/exercises/essentials/functions/odd-or-even.raku
OK	./course/exercises/essentials/functions/recursive-factorial-2.raku
OK	./course/exercises/essentials/functions/recursive-factorial.raku
OK	./course/exercises/essentials/functions/the-value-of-e.raku
OK	./course/exercises/essentials/loops/digital-stairs.raku
OK	./course/exercises/essentials/loops/division-via-subtraction.raku
OK	./course/exercises/essentials/loops/echo-until-enough.raku
OK	./course/exercises/essentials/loops/factorial.raku
OK	./course/exercises/essentials/loops/fibonacci-numbers.raku
OK	./course/exercises/essentials/loops/fizbuzz-loop.raku
OK	./course/exercises/essentials/loops/squares-and-cubes-loop.raku
OK	./course/exercises/essentials/more-on-functions/factorial-with-multi-functions.raku
OK	./course/exercises/essentials/numbers/apple-sharing.raku
OK	./course/exercises/essentials/numbers/class-desks.raku
OK	./course/exercises/essentials/numbers/pi.raku
OK	./course/exercises/essentials/numbers/sum-of-numbers.raku
OK	./course/exercises/essentials/numbers/sum1-100.raku
OK	./course/exercises/essentials/numbers/tens.raku
OK	./course/exercises/essentials/numbers/the-last-digit.raku
OK	./course/exercises/essentials/positionals/count-and-print-arguments.raku
OK	./course/exercises/essentials/positionals/months-names.raku
OK	./course/exercises/essentials/positionals/number-of-command-line-arguments.raku
OK	./course/exercises/essentials/positionals/odd-indices.raku
OK	./course/exercises/essentials/positionals/print-command-line-arguments.raku
OK	./course/exercises/essentials/positionals/series-of-numbers-loop.raku
OK	./course/exercises/essentials/positionals/series-of-numbers.raku
OK	./course/exercises/essentials/positionals/spell-a-number.raku
OK	./course/exercises/essentials/positionals/square-and-cube-2.raku
OK	./course/exercises/essentials/positionals/square-and-cube.raku
OK	./course/exercises/essentials/positionals/traffic-lights.raku
OK	./course/exercises/essentials/ranges/number-in-limits.raku
OK	./course/exercises/essentials/running-programs/hello-me.raku
OK	./course/exercises/essentials/scalar-variables/answer.raku
OK	./course/exercises/essentials/scalar-variables/greet-a-person.raku
OK	./course/exercises/essentials/scalar-variables/identifiers.raku
OK	./course/exercises/essentials/scalar-variables/swap.raku
OK	./course/exercises/essentials/the-main-function/hello-world-unit.raku
OK	./course/exercises/essentials/the-main-function/hello-world.raku
OK	./course/exercises/essentials/the-main-function/perimeter.raku
OK	./course/exercises/essentials/the-main-function/print-the-sum.raku
OK	./course/exercises/essentials/typed-variables/input-number.raku
OK	./course/exercises/essentials/typed-variables/prompt-numbers.raku
OK	./course/exercises/essentials/typed-variables/prompt-strings.raku
OK	./course/exercises/essentials/typed-variables/types.raku
OK	./course/exercises/functions/function-table.raku
OK	./course/exercises/functions/function-x-to-the-power-of-y.raku
OK	./course/exercises/functions/interval-function.raku
OK	./course/exercises/functions/odd-or-even.raku
OK	./course/exercises/functions/recursive-factorial-2.raku
OK	./course/exercises/functions/recursive-factorial.raku
OK	./course/exercises/functions/the-value-of-e.raku
OK	./course/exercises/loops/digital-stairs.raku
OK	./course/exercises/loops/division-via-subtraction.raku
OK	./course/exercises/loops/echo-until-enough.raku
OK	./course/exercises/loops/factorial.raku
OK	./course/exercises/loops/fibonacci-numbers.raku
OK	./course/exercises/loops/fizbuzz-loop.raku
OK	./course/exercises/loops/squares-and-cubes-loop.raku
OK	./course/exercises/more-on-functions/factorial-with-multi-functions.raku
OK	./course/exercises/numbers/apple-sharing.raku
OK	./course/exercises/numbers/class-desks.raku
OK	./course/exercises/numbers/pi.raku
OK	./course/exercises/numbers/sum-of-numbers.raku
OK	./course/exercises/numbers/sum1-100.raku
OK	./course/exercises/numbers/tens.raku
OK	./course/exercises/numbers/the-last-digit.raku
OK	./course/exercises/oop/attributes/book.raku
OK	./course/exercises/oop/attributes/changeable-label.raku
OK	./course/exercises/oop/attributes/counter.raku
OK	./course/exercises/oop/attributes/point-class.raku
OK	./course/exercises/oop/catch/handle-and-continue.raku
OK	./course/exercises/oop/catch/report-and-recover.raku
OK	./course/exercises/oop/catch/survive-a-loop.raku
OK	./course/exercises/oop/class-methods/km-to-miles.raku
OK	./course/exercises/oop/class-methods/speed-limit.raku
OK	./course/exercises/oop/classes/defined-or-not.raku
OK	./course/exercises/oop/classes/name-the-type.raku
OK	./course/exercises/oop/custom-exceptions/negative-error.raku
OK	./course/exercises/oop/custom-exceptions/too-big.raku
OK	./course/exercises/oop/custom-exceptions/two-exceptions.raku
OK	./course/exercises/oop/deleting/clear-a-directory.raku
OK	./course/exercises/oop/deleting/delete-a-file.raku
OK	./course/exercises/oop/directories/does-it-exist.raku
OK	./course/exercises/oop/directories/file-or-directory.raku
OK	./course/exercises/oop/directories/make-a-directory.raku
OK	./course/exercises/oop/exception-objects/error-prefix.raku
OK	./course/exercises/oop/exception-objects/match-the-type.raku
OK	./course/exercises/oop/exception-objects/name-the-error.raku
OK	./course/exercises/oop/external-programs/capture-output.raku
OK	./course/exercises/oop/external-programs/check-exit-code.raku
OK	./course/exercises/oop/external-programs/read-env.raku
OK	./course/exercises/oop/external-programs/run-a-command.raku
OK	./course/exercises/oop/failures/fallback-value.raku
OK	./course/exercises/oop/failures/lookup.raku
OK	./course/exercises/oop/failures/soft-divide.raku
OK	./course/exercises/oop/file-handles/count-lines.raku
OK	./course/exercises/oop/file-handles/pass-a-handle.raku
OK	./course/exercises/oop/file-handles/shout-the-lines.raku
OK	./course/exercises/oop/file-handles/write-with-a-handle.raku
OK	./course/exercises/oop/files/append-a-line.raku
OK	./course/exercises/oop/files/count-characters.raku
OK	./course/exercises/oop/files/save-and-read.raku
OK	./course/exercises/oop/inheritance/dog-and-cat.raku
OK	./course/exercises/oop/inheritance/inherited-attribute.raku
OK	./course/exercises/oop/inheritance/shape-and-square.raku
OK	./course/exercises/oop/methods/bank-account.raku
OK	./course/exercises/oop/methods/greeter.raku
OK	./course/exercises/oop/methods/rectangle-area.raku
OK	./course/exercises/oop/methods/temperature.raku
OK	./course/exercises/oop/mop/add-a-method.raku
OK	./course/exercises/oop/mop/diamond-mro.raku
OK	./course/exercises/oop/mop/find-method.raku
OK	./course/exercises/oop/mop/the-mro.raku
OK	./course/exercises/oop/object-introspection/count-attributes.raku
OK	./course/exercises/oop/object-introspection/describe-a-class.raku
OK	./course/exercises/oop/roles/dancing-robot.raku
OK	./course/exercises/oop/roles/greetable.raku
OK	./course/exercises/oop/roles/named-aged-pet.raku
OK	./course/exercises/oop/standard-streams/note-a-warning.raku
OK	./course/exercises/oop/standard-streams/output-and-error.raku
OK	./course/exercises/oop/standard-streams/print-without-newline.raku
OK	./course/exercises/oop/subs-vs-methods/triple-method.raku
OK	./course/exercises/oop/subs-vs-methods/triple-sub.raku
OK	./course/exercises/oop/try/catch-the-error.raku
OK	./course/exercises/oop/try/try-or-default.raku
OK	./course/exercises/oop/try/try-succeeds.raku
OK	./course/exercises/paradigms/await/await-a-promise.raku
OK	./course/exercises/paradigms/await/await-a-supply.raku
OK	./course/exercises/paradigms/await/await-failure.raku
OK	./course/exercises/paradigms/channels/channel-receive.raku
OK	./course/exercises/paradigms/channels/channel-sum.raku
OK	./course/exercises/paradigms/channels/drain-channel.raku
OK	./course/exercises/paradigms/closures/accumulator.raku
OK	./course/exercises/paradigms/closures/counter.raku
OK	./course/exercises/paradigms/closures/multiplier.raku
OK	./course/exercises/paradigms/connections/connect-to-host.raku
OK	./course/exercises/paradigms/connections/send-and-receive.raku
OK	./course/exercises/paradigms/cro/second-route.raku
OK	./course/exercises/paradigms/cro/status-line.raku
OK	./course/exercises/paradigms/feeds/feed-big-numbers.raku
OK	./course/exercises/paradigms/feeds/feed-pipeline.raku
OK	./course/exercises/paradigms/feeds/feed-sorted.raku
OK	./course/exercises/paradigms/generators/gather-cubes.raku
OK	./course/exercises/paradigms/generators/gather-multiples-of-three.raku
OK	./course/exercises/paradigms/generators/gather-vowels.raku
OK	./course/exercises/paradigms/higher-order/apply-twice.raku
OK	./course/exercises/paradigms/higher-order/filter-block.raku
OK	./course/exercises/paradigms/higher-order/make-multiplier.raku
OK	./course/exercises/paradigms/http-server/text-response.raku
OK	./course/exercises/paradigms/hyper-race/hyper-filter.raku
OK	./course/exercises/paradigms/hyper-race/hyper-map.raku
OK	./course/exercises/paradigms/hyper-race/parallel-sum.raku
OK	./course/exercises/paradigms/iterators/sum-with-pull-one.raku
OK	./course/exercises/paradigms/junctions/all-even.raku
OK	./course/exercises/paradigms/junctions/exactly-one.raku
OK	./course/exercises/paradigms/junctions/none-negative.raku
OK	./course/exercises/paradigms/lazy/first-multiples-of-seven.raku
OK	./course/exercises/paradigms/lazy/powers-of-three.raku
OK	./course/exercises/paradigms/lazy/tribonacci.raku
OK	./course/exercises/paradigms/promises/await-many.raku
OK	./course/exercises/paradigms/promises/kept-or-broken.raku
OK	./course/exercises/paradigms/promises/promise-result.raku
OK	./course/exercises/paradigms/react-whenever/react-collect.raku
OK	./course/exercises/paradigms/react-whenever/react-upcase.raku
OK	./course/exercises/paradigms/react-whenever/two-whenevers.raku
OK	./course/exercises/paradigms/recursion/count-up.raku
OK	./course/exercises/paradigms/recursion/power.raku
OK	./course/exercises/paradigms/recursion/sum-digits.raku
OK	./course/exercises/paradigms/recursion/triangular-number.raku
OK	./course/exercises/paradigms/reduction/comma-separated.raku
OK	./course/exercises/paradigms/reduction/join-strings.raku
OK	./course/exercises/paradigms/reduction/longest-string.raku
OK	./course/exercises/paradigms/reduction/product-list.raku
OK	./course/exercises/paradigms/reduction/sum-list.raku
OK	./course/exercises/paradigms/supplies/count-emissions.raku
OK	./course/exercises/paradigms/supplies/filter-a-supply.raku
OK	./course/exercises/paradigms/supplies/tap-a-list.raku
OK	./course/exercises/paradigms/supply-kinds/a-live-feed.raku
OK	./course/exercises/paradigms/supply-kinds/live-sum.raku
OK	./course/exercises/paradigms/supply-kinds/two-taps.raku
OK	./course/exercises/paradigms/threads/join-and-wait.raku
OK	./course/exercises/paradigms/threads/run-in-thread.raku
OK	./course/exercises/paradigms/threads/two-threads.raku
OK	./course/exercises/positionals/count-and-print-arguments.raku
OK	./course/exercises/positionals/months-names.raku
OK	./course/exercises/positionals/number-of-command-line-arguments.raku
OK	./course/exercises/positionals/odd-indices.raku
OK	./course/exercises/positionals/print-command-line-arguments.raku
OK	./course/exercises/positionals/series-of-numbers-loop.raku
OK	./course/exercises/positionals/series-of-numbers.raku
OK	./course/exercises/positionals/spell-a-number.raku
OK	./course/exercises/positionals/square-and-cube-2.raku
OK	./course/exercises/positionals/square-and-cube.raku
OK	./course/exercises/positionals/traffic-lights.raku
OK	./course/exercises/ranges/number-in-limits.raku
OK	./course/exercises/regexes/action-classes/humanise-a-date.raku
OK	./course/exercises/regexes/action-classes/two-actions.raku
OK	./course/exercises/regexes/action-classes/upcase-action.raku
OK	./course/exercises/regexes/adverbs/all-numbers.raku
OK	./course/exercises/regexes/adverbs/case-blind.raku
OK	./course/exercises/regexes/adverbs/count-matches.raku
OK	./course/exercises/regexes/alternations/http-or-https.raku
OK	./course/exercises/regexes/alternations/size-word.raku
OK	./course/exercises/regexes/alternations/word-or-digit.raku
OK	./course/exercises/regexes/anchors/starts-with.raku
OK	./course/exercises/regexes/anchors/whole-string.raku
OK	./course/exercises/regexes/anchors/whole-word.raku
OK	./course/exercises/regexes/assertions/bare-number.raku
OK	./course/exercises/regexes/assertions/not-followed.raku
OK	./course/exercises/regexes/assertions/whole-dollar.raku
OK	./course/exercises/regexes/captures/city-and-country.raku
OK	./course/exercises/regexes/captures/initial-and-surname.raku
OK	./course/exercises/regexes/captures/split-filename.raku
OK	./course/exercises/regexes/captures/swap-words.raku
OK	./course/exercises/regexes/creating-grammars/parse-a-pair.raku
OK	./course/exercises/regexes/creating-grammars/parse-a-time.raku
OK	./course/exercises/regexes/creating-grammars/parse-hashtag.raku
OK	./course/exercises/regexes/grammar-inheritance/inherit-a-grammar.raku
OK	./course/exercises/regexes/grammar-inheritance/proto-bool.raku
OK	./course/exercises/regexes/grammar-inheritance/proto-number.raku
OK	./course/exercises/regexes/literals/a-vowel.raku
OK	./course/exercises/regexes/literals/digit-class.raku
OK	./course/exercises/regexes/literals/first-non-digit.raku
OK	./course/exercises/regexes/literals/match-a-word.raku
OK	./course/exercises/regexes/make-and-made/extract-the-number.raku
OK	./course/exercises/regexes/make-and-made/multiply-a-pair.raku
OK	./course/exercises/regexes/make-and-made/reverse-the-words.raku
OK	./course/exercises/regexes/matching/did-it-match.raku
OK	./course/exercises/regexes/matching/matched-text.raku
OK	./course/exercises/regexes/matching/where-digit.raku
OK	./course/exercises/regexes/quantifiers/frugal-match.raku
OK	./course/exercises/regexes/quantifiers/optional-sign.raku
OK	./course/exercises/regexes/quantifiers/range-quantifier.raku
OK	./course/exercises/regexes/quantifiers/two-to-four-digits.raku
OK	./course/exercises/regexes/substitution/censor-word.raku
OK	./course/exercises/regexes/substitution/lowercase-letters.raku
OK	./course/exercises/regexes/substitution/mask-digits.raku
OK	./course/exercises/regexes/substitution/reformat-date.raku
OK	./course/exercises/regexes/tokens-and-rules/spaced-assignment.raku
OK	./course/exercises/regexes/tokens-and-rules/spaced-rule.raku
OK	./course/exercises/regexes/tokens-and-rules/token-instead.raku
OK	./course/exercises/regexes/what-is-a-grammar/named-token.raku
OK	./course/exercises/regexes/what-is-a-grammar/reuse-a-token.raku
OK	./course/exercises/regexes/what-is-a-grammar/year-token.raku
OK	./course/exercises/running-programs/hello-me.raku
OK	./course/exercises/scalar-variables/answer.raku
OK	./course/exercises/scalar-variables/greet-a-person.raku
OK	./course/exercises/scalar-variables/identifiers.raku
OK	./course/exercises/scalar-variables/swap.raku
OK	./course/exercises/strings/hello-concatenation.raku
OK	./course/exercises/strings/hello-interpolation.raku
OK	./course/exercises/strings/name-length.raku
OK	./course/exercises/strings/purchase-table.raku
OK	./course/exercises/the-main-function/hello-world-unit.raku
OK	./course/exercises/the-main-function/hello-world.raku
OK	./course/exercises/the-main-function/perimeter.raku
OK	./course/exercises/the-main-function/print-the-sum.raku
OK	./course/exercises/typed-variables/input-number.raku
OK	./course/exercises/typed-variables/prompt-numbers.raku
OK	./course/exercises/typed-variables/prompt-strings.raku
OK	./course/exercises/typed-variables/types.raku
OK	./programs/factorial/00.raku
OK	./programs/factorial/01-reduction-factorial.raku
OK	./programs/factorial/02-for-factorial.raku
OK	./programs/factorial/03-map-factorial.raku
FAIL	./programs/factorial/04-recursive-factorial-1.raku
OK	./programs/factorial/05-recursive-factorial-2.raku
OK	./programs/factorial/06-long-factorial.raku
OK	./programs/factorial/07-int-factorial.raku
OK	./programs/factorial/08-seq-factorial.raku
OK	./programs/factorial/09-seq-back-factorial.raku
OK	./programs/factorial/10-sequence-factorial.raku
OK	./programs/factorial/11-multi-sub-factorial.raku
OK	./programs/factorial/12-where-factorial.raku
OK	./programs/factorial/13-operator-factorial.raku
OK	./programs/factorial/14-methodop-factorial.raku
OK	./programs/factorial/15-cached-factorial.raku
OK	./programs/factorial/16-triangular-factorial.raku
OK	./programs/factorial/17-div-factorials.raku
OK	./programs/factorial/18-diff-factorial.raku
OK	./programs/factorial/19-integral-factorial.raku
OK	./programs/factorial/20-pi-e-factorial.raku
OK	./programs/lang/Lang/Actions.pm
OK	./programs/lang/Lang/Grammar.pm
FAIL	./programs/lang/history/01 - plus calculator/Lang/Actions.pm
FAIL	./programs/lang/history/01 - plus calculator/Lang/Grammar.pm
FAIL	./programs/lang/history/01 - plus calculator/lang.pl
OKI	./programs/lang/lang.pl
OK	./programs/languages-in-raku/stack-based/stacky.raku
OK	./programs/lingua/lib/CommentableLanguage.rakumod
OK	./programs/lingua/lib/LinguaAST.rakumod
OKI	./programs/lingua/lib/LinguaActions.rakumod
OKI	./programs/lingua/lib/LinguaEvaluator.rakumod
OKI	./programs/lingua/lib/LinguaFunctions.rakumod
OKI	./programs/lingua/lib/LinguaGrammar.rakumod
OKI	./programs/lingua/lib/LinguaOptimizer.rakumod
OK	./programs/lingua/lib/Number.rakumod
OK	./programs/lingua/misc/ast-dumper.raku
OK	./programs/lingua/misc/calc.raku
OK	./programs/lingua/misc/junction.raku
FAIL	./programs/lingua/misc/lingua.raku
OK	./programs/lingua/misc/parse_number.raku
OK	./programs/lingua/misc/parse_number_raku.raku
FAIL	./programs/lingua/t/algebraic-identities.t
FAIL	./programs/lingua/t/array-creation.t
FAIL	./programs/lingua/t/arrays.t
FAIL	./programs/lingua/t/constant-folding.t
FAIL	./programs/lingua/t/dead-branches.t
FAIL	./programs/lingua/t/else.t
FAIL	./programs/lingua/t/expression-with-variables.t
FAIL	./programs/lingua/t/expressions.t
FAIL	./programs/lingua/t/expressions2.t
FAIL	./programs/lingua/t/factorial.t
FAIL	./programs/lingua/t/func-call.t
FAIL	./programs/lingua/t/func-return.t
FAIL	./programs/lingua/t/func-scope.t
FAIL	./programs/lingua/t/function-name-prefix.t
FAIL	./programs/lingua/t/hash-creation.t
FAIL	./programs/lingua/t/hashes.t
FAIL	./programs/lingua/t/if-comparison.t
FAIL	./programs/lingua/t/if-else-block.t
FAIL	./programs/lingua/t/if.t
FAIL	./programs/lingua/t/keys.t
FAIL	./programs/lingua/t/len.t
FAIL	./programs/lingua/t/loop-with-expression.t
FAIL	./programs/lingua/t/loop.t
FAIL	./programs/lingua/t/nested-blocks.t
FAIL	./programs/lingua/t/numbers.t
FAIL	./programs/lingua/t/print.t
OK	./programs/lingua/t/string-escaping.t
FAIL	./programs/lingua/t/string-index.t
FAIL	./programs/lingua/t/string-interpolation.t
FAIL	./programs/lingua/t/string.t
FAIL	./programs/lingua/t/variable-as-index.t
FAIL	./programs/lingua/t/variable-declaration.t
FAIL	./programs/lingua/t/while.t
OK	./programs/num-seq/fibonacci/fibonacci-cached.raku
OK	./programs/num-seq/fibonacci/fibonacci-sequence.raku
OK	./programs/num-seq/fibonacci/fibonacci.raku
OK	./programs/num-seq/lazy-caterer/lazy-caterer.raku
OK	./programs/perl6-grammar-play/calc/calc.pl
OK	./programs/perl6-grammar-play/mini-lang/lang-1.pl
OK	./programs/perl6-grammar-play/mini-lang/lang-2.pl
OK	./programs/perl6-grammar-play/mini-lang/lang-3.pl
OK	./programs/perl6-grammar-play/mini-lang/lang.pl
OK	./programs/perl6-grammar-play/test1/0.pl
OK	./programs/perl6-grammar-play/test1/1.pl
OK	./programs/perl6-grammar-play/test1/2.pl
OK	./programs/perl6-grammar-play/test1/3.pl
OK	./programs/perl6-grammar-play/test1/4.pl
OK	./programs/perl6-grammar-play/test1/5.pl
OK	./programs/perl6-grammar-play/test2/1.pl
OK	./programs/perl6-grammar-play/test2/2.pl
OK	./programs/perl6-grammar-play/test3/1.pl
OK	./programs/perl6-grammar-play/test3/2.pl
OK	./programs/perl6-grammar-play/test3/3.pl
OK	./programs/perl6-grammar-play/test4/1.pl
OK	./snippets/a-language-a-day/array.raku
OK	./snippets/a-language-a-day/class.raku
OK	./snippets/a-language-a-day/counter.raku
OK	./snippets/a-language-a-day/factorial.raku
OK	./snippets/a-language-a-day/grammar.raku
OK	./snippets/a-language-a-day/greet-name.raku
OK	./snippets/a-language-a-day/hash.raku
OK	./snippets/a-language-a-day/hello-world.raku
OK	./snippets/a-language-a-day/lambda.raku
OK	./snippets/a-language-a-day/lambda2.raku
OK	./snippets/a-language-a-day/quotes.raku
OK	./snippets/a-language-a-day/sleep-sort.raku
OK	./snippets/a-language-a-day/start.raku
OK	./snippets/a-language-a-day/sub-return.raku
OK	./snippets/a-language-a-day/sub.raku
OK	./snippets/a-language-a-day/sub2.raku
OK	./snippets/a-language-a-day/zoo.raku
OK	./snippets/advent-2019/array.raku
OK	./snippets/advent-2019/class.raku
OK	./snippets/advent-2019/counter.raku
OK	./snippets/advent-2019/factorial.raku
OK	./snippets/advent-2019/grammar.raku
OK	./snippets/advent-2019/greet-name.raku
OK	./snippets/advent-2019/hash.raku
OK	./snippets/advent-2019/hello-world.raku
OK	./snippets/advent-2019/lambda.raku
OK	./snippets/advent-2019/sleep-sort.raku
OK	./snippets/advent-2019/start.raku
OK	./snippets/advent-2019/sub-return.raku
OK	./snippets/advent-2019/sub.raku
OK	./snippets/advent-2019/sub2.raku
OK	./snippets/advent-2019/zoo.raku
OK	./snippets/migratingtoperl6/002-hello-world.pl6
OK	./snippets/migratingtoperl6/003-greet-name.pl6
OK	./snippets/migratingtoperl6/004-read-name.pl6
OK	./snippets/migratingtoperl6/005-concat-name.pl6
OK	./snippets/migratingtoperl6/006-interpolate-code-formatted.pl6
OK	./snippets/migratingtoperl6/006-interpolate-code.pl6
OK	./snippets/migratingtoperl6/007-parentheses.pl6
OK	./snippets/migratingtoperl6/008-two-params.pl6
OK	./snippets/perl5to6/arr-slice-6.pl
OK	./snippets/perl5to6/array-6.pl
OK	./snippets/perl5to6/begin6.pl
OK	./snippets/perl5to6/complex-6.pl
OK	./snippets/perl5to6/epoch-6.pl
OK	./snippets/perl5to6/hello-6.pl
OK	./snippets/perl5to6/heredocs-6.pl
OK	./snippets/perl5to6/heredocs-a-6.pl
OK	./snippets/perl5to6/heredocs-sub-6.pl
OK	./snippets/perl5to6/heredocs-sub-tab-6.pl
OK	./snippets/perl5to6/heredocs1-6.pl
OK	./snippets/perl5to6/heredocs2-6.pl
OK	./snippets/perl5to6/int-6.pl
OK	./snippets/perl5to6/q6.pl
OK	./snippets/perl5to6/re1-6.pl
OK	./snippets/perl5to6/re10-6.pl
OK	./snippets/perl5to6/re11-6.pl
OK	./snippets/perl5to6/re12-6.pl
OK	./snippets/perl5to6/re3-6.pl
OK	./snippets/perl5to6/re4-6.pl
FAIL	./snippets/perl5to6/re5-6.pl
OK	./snippets/perl5to6/re6-6.pl
OK	./snippets/perl5to6/re6a-6.pl
OK	./snippets/perl5to6/re7-6.pl
OK	./snippets/perl5to6/re7a-6.pl
OK	./snippets/perl5to6/re8-6.pl
OK	./snippets/perl5to6/re9-6.pl
OK	./snippets/perl5to6/return_rw-6.pl
OK	./snippets/perl5to6/sub-apostr-6.pl
OK	./snippets/perl5to6/var-int-6.pl
OK	./snippets/perl5to6/var-int2-6.pl
OK	./snippets/perl5to6/var-int3-6.pl
OK	./snippets/perl5to6/var-int4-6.pl
OK	./snippets/perl5to6/var-int5-6.pl
OK	./snippets/perl5to6/var-name-6.pl
OK	./snippets/perl5to6/what-6.pl
OK	./snippets/perl6-assorti/01-prompt.pl
OK	./snippets/perl6-assorti/02-str-length.pl
OK	./snippets/perl6-assorti/03-inc-filename.pl
OK	./snippets/perl6-assorti/04-pi.pl
OK	./snippets/perl6-assorti/05-emoji.pl
OK	./snippets/perl6-assorti/06-factorial1.pl
OK	./snippets/perl6-assorti/07-factorial2.pl
OK	./snippets/perl6-assorti/08-factorial3.pl
OK	./snippets/perl6-assorti/09-compare.pl
OK	./snippets/perl6-assorti/10-random.pl
OK	./snippets/perl6-assorti/11-distance.pl
OK	./snippets/perl6-assorti/12-unicode-digits.pl
OK	./snippets/perl6-assorti/13-swap.pl
OK	./snippets/perl6-assorti/14-randomize.pl
OK	./snippets/perl6-assorti/15-hyper-op.pl
OK	./snippets/perl6-assorti/16-hyper-op2.pl
OK	./snippets/perl6-assorti/17-reduction.pl
OK	./snippets/perl6-assorti/18-transpose.pl
OK	./snippets/perl6-assorti/19-roman.pl
OK	./snippets/perl6-assorti/20-roman-test.pl
OK	./snippets/perl6-assorti/21-main.pl
OK	./snippets/perl6-assorti/22-main-multi.pl
OK	./snippets/perl6-assorti/23-newton.pl
OK	./snippets/perl6-assorti/24-cross-x.pl
OK	./snippets/perl6-assorti/25-gist.pl
OK	./snippets/perl6-assorti/26-gist-and-str.pl
OK	./snippets/perl6-assorti/27-power.pl
OK	./snippets/perl6-play/1/args.pl
OK	./snippets/perl6-play/1/array.pl
OK	./snippets/perl6-play/1/bare-sigil.pl
OK	./snippets/perl6-play/1/bool.pl
OK	./snippets/perl6-play/1/catch-var.pl
OK	./snippets/perl6-play/1/class-assign.pl
OK	./snippets/perl6-play/1/class-build.pl
OK	./snippets/perl6-play/1/class-build2.pl
OK	./snippets/perl6-play/1/class-inherit.pl
OK	./snippets/perl6-play/1/class-inherit2.pl
OK	./snippets/perl6-play/1/class-inherit3.pl
OK	./snippets/perl6-play/1/class-inherit4.pl
OK	./snippets/perl6-play/1/class-inherit5.pl
OK	./snippets/perl6-play/1/class-inherit6.pl
OK	./snippets/perl6-play/1/class.pl
OK	./snippets/perl6-play/1/class2.pl
OK	./snippets/perl6-play/1/class3-self.pl
OK	./snippets/perl6-play/1/class3.pl
OK	./snippets/perl6-play/1/divide0.pl
OK	./snippets/perl6-play/1/globals.pl
OK	./snippets/perl6-play/1/hash.pl
OK	./snippets/perl6-play/1/helloworld.pl
OK	./snippets/perl6-play/1/int.pl
OK	./snippets/perl6-play/1/list.pl
OK	./snippets/perl6-play/1/ro-rw.pl
OK	./snippets/perl6-play/1/roles.pl
OK	./snippets/perl6-play/1/scalar.pl
OK	./snippets/perl6-play/1/state.pl
OK	./snippets/perl6-play/1/str.pl
OK	./snippets/perl6-play/1/sub-array.pl
OK	./snippets/perl6-play/1/sub-array2.pl
OK	./snippets/perl6-play/1/sub-array3.pl
OK	./snippets/perl6-play/1/sub-named.pl
OK	./snippets/perl6-play/1/sub-nested.pl
OK	./snippets/perl6-play/1/sub-noname.pl
OK	./snippets/perl6-play/1/sub-optional.pl
OK	./snippets/perl6-play/1/sub-signature.pl
OK	./snippets/perl6-play/1/sub.pl
OK	./snippets/perl6-play/1/topic-var.pl
OK	./snippets/perl6-play/1/type-comparision.pl
OK	./snippets/perl6-play/1/vti-bug.pl
OK	./snippets/perl6-play/2/channel-arr.pl
OK	./snippets/perl6-play/2/channel-close.pl
OK	./snippets/perl6-play/2/channel-closed.pl
OK	./snippets/perl6-play/2/channel-closed1.pl
OK	./snippets/perl6-play/2/channel-hash.pl
OK	./snippets/perl6-play/2/channel-list-context.pl
OK	./snippets/perl6-play/2/channel-list-context1.pl
OK	./snippets/perl6-play/2/channel-list.pl
FAIL	./snippets/perl6-play/2/channel-supply.pl
FAIL	./snippets/perl6-play/2/channel-winner.pl
OK	./snippets/perl6-play/2/channel.pl
FAIL	./snippets/perl6-play/2/earliest.t
OK	./snippets/perl6-play/2/promise.pl
FAIL	./snippets/perl6-play/2/winner.pl
OK	./snippets/perl6-play/fosdem/factorial1.pl
OK	./snippets/perl6-play/fosdem/factorial2.pl
OK	./snippets/perl6-play/fosdem/fib1.pl
OK	./snippets/perl6-play/promise/in.pl
OK	./snippets/perl6-play/promise/promise-prime.pl
OK	./snippets/perl6-play/promise/promise1.pl
OK	./snippets/perl6-play/promise/promise2.pl
OK	./snippets/perl6-play/promise/promise3.pl
OK	./snippets/perl6-play/promise/promise4.pl
OK	./snippets/perl6-play/promise/promise5.pl
OK	./snippets/perl6-play/promise/sleep-sort.pl
OK	./snippets/perl6-play/promise/start.pl
OK	./snippets/perl6-play/promise/start1.pl
OK	./snippets/perl6-play/promise/start2.pl
OK	./snippets/perl6-play/promise/start3.pl
OK	./snippets/perl6-play/promise/then.pl
OK	./snippets/perl6-play/promise/then1.pl
OK	./snippets/perl6-play/promise/then2.pl
OK	./snippets/perl6-play/promise/timeout-await.pl
OK	./snippets/perl6-play/promise/timeout.pl
OK	./snippets/perl6tests/add.pl
OK	./snippets/perl6tests/add1.pl
OK	./snippets/perl6tests/add2.pl
OK	./snippets/perl6tests/add3.pl
OK	./snippets/perl6tests/array-assign.pl
OK	./snippets/perl6tests/bit-bool.pl
OK	./snippets/perl6tests/bitwise.pl
OK	./snippets/perl6tests/circumference.pl
OK	./snippets/perl6tests/comment.pl
OK	./snippets/perl6tests/comment2.pl
OK	./snippets/perl6tests/comment3.pl
OK	./snippets/perl6tests/div-mod.pl
OK	./snippets/perl6tests/divisibility1.pl
OK	./snippets/perl6tests/divisility.pl
FAIL	./snippets/perl6tests/err.pl
OK	./snippets/perl6tests/exceptions/01.pl
OK	./snippets/perl6tests/exceptions/02.pl
OK	./snippets/perl6tests/exceptions/03.pl
OK	./snippets/perl6tests/exceptions/04.pl
OK	./snippets/perl6tests/exceptions/05.pl
OK	./snippets/perl6tests/exceptions/06-1.pl
OK	./snippets/perl6tests/exceptions/06-2.pl
OK	./snippets/perl6tests/exceptions/06.pl
OK	./snippets/perl6tests/exceptions/07.pl
OK	./snippets/perl6tests/exceptions/08.pl
OK	./snippets/perl6tests/exceptions/09-1.pl
OK	./snippets/perl6tests/exceptions/09-2.pl
OK	./snippets/perl6tests/exceptions/09.pl
OK	./snippets/perl6tests/exceptions/10.pl
OK	./snippets/perl6tests/exceptions/11.pl
OK	./snippets/perl6tests/exceptions/12.pl
OK	./snippets/perl6tests/exceptions/13.pl
OK	./snippets/perl6tests/exceptions/14.pl
OK	./snippets/perl6tests/exceptions/15.pl
OK	./snippets/perl6tests/exceptions/16.pl
OK	./snippets/perl6tests/exceptions/17.pl
OK	./snippets/perl6tests/exceptions/18.pl
OK	./snippets/perl6tests/exceptions/19.pl
OK	./snippets/perl6tests/exceptions/Module.pm
OK	./snippets/perl6tests/exceptions/lift.pl
OKI	./snippets/perl6tests/exceptions/module.pl
OK	./snippets/perl6tests/grammars/1.pl
OK	./snippets/perl6tests/grammars/10.pl
OK	./snippets/perl6tests/grammars/11.pl
OK	./snippets/perl6tests/grammars/12.pl
OK	./snippets/perl6tests/grammars/13.pl
OK	./snippets/perl6tests/grammars/14.pl
OK	./snippets/perl6tests/grammars/15.pl
OK	./snippets/perl6tests/grammars/16.pl
OK	./snippets/perl6tests/grammars/17.pl
OK	./snippets/perl6tests/grammars/18.pl
OK	./snippets/perl6tests/grammars/19.pl
OK	./snippets/perl6tests/grammars/2.pl
OK	./snippets/perl6tests/grammars/20.pl
OK	./snippets/perl6tests/grammars/21.pl
OK	./snippets/perl6tests/grammars/22.pl
OK	./snippets/perl6tests/grammars/3.pl
OK	./snippets/perl6tests/grammars/4.pl
OK	./snippets/perl6tests/grammars/5.pl
OK	./snippets/perl6tests/grammars/6.pl
OK	./snippets/perl6tests/grammars/7.pl
OK	./snippets/perl6tests/grammars/8.pl
OK	./snippets/perl6tests/grammars/9.pl
OK	./snippets/perl6tests/grammars/g.pl
OK	./snippets/perl6tests/grammars/refer.pl
OK	./snippets/perl6tests/hello.pl
FAIL	./snippets/perl6tests/inline.pl
OK	./snippets/perl6tests/input-output/bin.pl
OK	./snippets/perl6tests/input-output/chemical.pl
OK	./snippets/perl6tests/input-output/comb.pl
OK	./snippets/perl6tests/input-output/copy-file.pl
OK	./snippets/perl6tests/input-output/copy.pl
OK	./snippets/perl6tests/input-output/copy1.pl
OK	./snippets/perl6tests/input-output/cwd.pl
OK	./snippets/perl6tests/input-output/d.pl
OK	./snippets/perl6tests/input-output/d2.pl
OK	./snippets/perl6tests/input-output/d3.pl
OK	./snippets/perl6tests/input-output/die.pl
OK	./snippets/perl6tests/input-output/dir.pl
OK	./snippets/perl6tests/input-output/dir2.pl
OK	./snippets/perl6tests/input-output/e.pl
OK	./snippets/perl6tests/input-output/enc.pl
OK	./snippets/perl6tests/input-output/enc2.pl
OK	./snippets/perl6tests/input-output/eof.pl
OK	./snippets/perl6tests/input-output/exists.pl
OK	./snippets/perl6tests/input-output/get.pl
OK	./snippets/perl6tests/input-output/get1.pl
OK	./snippets/perl6tests/input-output/getc.pl
OK	./snippets/perl6tests/input-output/limit.pl
OK	./snippets/perl6tests/input-output/lines1.pl
OK	./snippets/perl6tests/input-output/lines2.pl
OK	./snippets/perl6tests/input-output/lines3.pl
OK	./snippets/perl6tests/input-output/mkdir.pl
OK	./snippets/perl6tests/input-output/modified.pl
OK	./snippets/perl6tests/input-output/move.pl
OK	./snippets/perl6tests/input-output/open.pl
OK	./snippets/perl6tests/input-output/open2.pl
OK	./snippets/perl6tests/input-output/open3.pl
OK	./snippets/perl6tests/input-output/open4.pl
OK	./snippets/perl6tests/input-output/open5.pl
OK	./snippets/perl6tests/input-output/open6.pl
OK	./snippets/perl6tests/input-output/path.pl
OK	./snippets/perl6tests/input-output/printf.pl
OK	./snippets/perl6tests/input-output/printf2.pl
OK	./snippets/perl6tests/input-output/readchars.pl
OK	./snippets/perl6tests/input-output/rename.pl
OK	./snippets/perl6tests/input-output/say.pl
OK	./snippets/perl6tests/input-output/say2.pl
OK	./snippets/perl6tests/input-output/split.pl
OK	./snippets/perl6tests/input-output/stat.pl
OK	./snippets/perl6tests/input-output/temperature.pl
OK	./snippets/perl6tests/input-output/words.pl
OK	./snippets/perl6tests/input-output/write.pl
OK	./snippets/perl6tests/input-output/z.pl
OK	./snippets/perl6tests/input-output/z2.pl
FAIL	./snippets/perl6tests/int.pl
OK	./snippets/perl6tests/io/01.pl
OK	./snippets/perl6tests/lines.pl
OK	./snippets/perl6tests/modules/3.pl
OK	./snippets/perl6tests/modules/Add.pm
OK	./snippets/perl6tests/modules/Add1.pm
OK	./snippets/perl6tests/modules/Credentials.pm
OK	./snippets/perl6tests/modules/Math.pm
OKI	./snippets/perl6tests/modules/intro.pl
OKI	./snippets/perl6tests/modules/login.pl
OKI	./snippets/perl6tests/modules/test.pl
FAIL	./snippets/perl6tests/modules/test2.pl
OKI	./snippets/perl6tests/modules/ver1.pl
OKI	./snippets/perl6tests/modules/x.pl
OK	./snippets/perl6tests/modulo.pl
OK	./snippets/perl6tests/modulo1.pl
OK	./snippets/perl6tests/modulo2.pl
OK	./snippets/perl6tests/mul.pl
OK	./snippets/perl6tests/mul1.pl
OK	./snippets/perl6tests/mul2.pl
OK	./snippets/perl6tests/oop/1.pl
OK	./snippets/perl6tests/oop/10.pl
OK	./snippets/perl6tests/oop/11.pl
OK	./snippets/perl6tests/oop/12.pl
OK	./snippets/perl6tests/oop/13.pl
OK	./snippets/perl6tests/oop/14.pl
FAIL	./snippets/perl6tests/oop/15.pl
OK	./snippets/perl6tests/oop/16.pl
OK	./snippets/perl6tests/oop/17.pl
OK	./snippets/perl6tests/oop/18.pl
OK	./snippets/perl6tests/oop/19.pl
OK	./snippets/perl6tests/oop/2.pl
OK	./snippets/perl6tests/oop/20.pl
OK	./snippets/perl6tests/oop/21.pl
OK	./snippets/perl6tests/oop/22.pl
OK	./snippets/perl6tests/oop/23.pl
OK	./snippets/perl6tests/oop/24.pl
OK	./snippets/perl6tests/oop/25.pl
OK	./snippets/perl6tests/oop/26.pl
OK	./snippets/perl6tests/oop/27.pl
OK	./snippets/perl6tests/oop/28.pl
OK	./snippets/perl6tests/oop/29.pl
OK	./snippets/perl6tests/oop/3.pl
OK	./snippets/perl6tests/oop/30.pl
OK	./snippets/perl6tests/oop/31.pl
OK	./snippets/perl6tests/oop/32.pl
OK	./snippets/perl6tests/oop/33.pl
OK	./snippets/perl6tests/oop/34.pl
OK	./snippets/perl6tests/oop/35.pl
OK	./snippets/perl6tests/oop/4.pl
OK	./snippets/perl6tests/oop/5.pl
OK	./snippets/perl6tests/oop/6.pl
OK	./snippets/perl6tests/oop/7.pl
OK	./snippets/perl6tests/oop/8.pl
OK	./snippets/perl6tests/oop/9.pl
OK	./snippets/perl6tests/oop/introspection.pl
OK	./snippets/perl6tests/oop/methods.pl
OK	./snippets/perl6tests/oop/methods2.pl
OK	./snippets/perl6tests/oop/mro.pl
OK	./snippets/perl6tests/oop/role1.pl
OK	./snippets/perl6tests/oop/rw.pl
OK	./snippets/perl6tests/op-func.pl
OK	./snippets/perl6tests/op1.pl
OK	./snippets/perl6tests/op2.pl
OK	./snippets/perl6tests/operators/().pl
OK	./snippets/perl6tests/operators/[].pl
OK	./snippets/perl6tests/operators/before-after.pl
FAIL	./snippets/perl6tests/operators/bind.pl
OK	./snippets/perl6tests/operators/bool.pl
OK	./snippets/perl6tests/operators/but.pl
OK	./snippets/perl6tests/operators/c.pl
OK	./snippets/perl6tests/operators/cmp.pl
OK	./snippets/perl6tests/operators/colon.pl
OK	./snippets/perl6tests/operators/concat.pl
OK	./snippets/perl6tests/operators/cross-x.pl
OK	./snippets/perl6tests/operators/dec.pl
OK	./snippets/perl6tests/operators/defined-or.pl
OK	./snippets/perl6tests/operators/does.pl
OK	./snippets/perl6tests/operators/eqv.pl
OK	./snippets/perl6tests/operators/ff.pl
OK	./snippets/perl6tests/operators/gcd.pl
OK	./snippets/perl6tests/operators/hyper-op.pl
OK	./snippets/perl6tests/operators/hyper2.pl
OK	./snippets/perl6tests/operators/identity.pl
OK	./snippets/perl6tests/operators/inc.pl
OK	./snippets/perl6tests/operators/junctions.pl
OK	./snippets/perl6tests/operators/l.pl
OK	./snippets/perl6tests/operators/le.pl
OK	./snippets/perl6tests/operators/leg.pl
OK	./snippets/perl6tests/operators/let.pl
OK	./snippets/perl6tests/operators/let1.pl
OK	./snippets/perl6tests/operators/list.pl
OK	./snippets/perl6tests/operators/logical.pl
OK	./snippets/perl6tests/operators/metaop.pl
OK	./snippets/perl6tests/operators/min-max.pl
OK	./snippets/perl6tests/operators/minus.pl
OK	./snippets/perl6tests/operators/more-op.pl
OK	./snippets/perl6tests/operators/not.pl
OK	./snippets/perl6tests/operators/numcompare.pl
OK	./snippets/perl6tests/operators/pair.pl
OK	./snippets/perl6tests/operators/pipe.pl
OK	./snippets/perl6tests/operators/plus.pl
OK	./snippets/perl6tests/operators/q.pl
OK	./snippets/perl6tests/operators/ranges.pl
OK	./snippets/perl6tests/operators/realcompare.pl
OK	./snippets/perl6tests/operators/seq.pl
OK	./snippets/perl6tests/operators/smartmatch.pl
OK	./snippets/perl6tests/operators/str.pl
OK	./snippets/perl6tests/operators/strcompare.pl
OK	./snippets/perl6tests/operators/temp.pl
OK	./snippets/perl6tests/operators/ternary.pl
OK	./snippets/perl6tests/operators/tolerance.pl
OK	./snippets/perl6tests/operators/upto.pl
OK	./snippets/perl6tests/operators/user-op.pl
OK	./snippets/perl6tests/operators/x.pl
OK	./snippets/perl6tests/operators/xx.pl
OK	./snippets/perl6tests/operators/z.pl
OK	./snippets/perl6tests/operators/{}.pl
OK	./snippets/perl6tests/parallel/allof.pl
OK	./snippets/perl6tests/parallel/app-lifetime.pl
OK	./snippets/perl6tests/parallel/channel1.pl
OK	./snippets/perl6tests/parallel/channel2.pl
OK	./snippets/perl6tests/parallel/channel3.pl
OK	./snippets/perl6tests/parallel/channel4.pl
OK	./snippets/perl6tests/parallel/channel5.pl
OK	./snippets/perl6tests/parallel/channel6.pl
OK	./snippets/perl6tests/parallel/channel7.pl
OK	./snippets/perl6tests/parallel/channel8.pl
OK	./snippets/perl6tests/parallel/channel9.pl
FAIL	./snippets/perl6tests/parallel/for-thread.pl
OK	./snippets/perl6tests/parallel/junction.pl
OK	./snippets/perl6tests/parallel/lock.pl
OK	./snippets/perl6tests/parallel/new-thread.pl
OK	./snippets/perl6tests/parallel/new-thread2.pl
OK	./snippets/perl6tests/parallel/promise1.pl
OK	./snippets/perl6tests/parallel/promise10.pl
OK	./snippets/perl6tests/parallel/promise11.pl
OK	./snippets/perl6tests/parallel/promise12.pl
OK	./snippets/perl6tests/parallel/promise13.pl
OK	./snippets/perl6tests/parallel/promise2.pl
OK	./snippets/perl6tests/parallel/promise3.pl
OK	./snippets/perl6tests/parallel/promise4.pl
OK	./snippets/perl6tests/parallel/promise5.pl
OK	./snippets/perl6tests/parallel/promise6.pl
OK	./snippets/perl6tests/parallel/promise7.pl
OK	./snippets/perl6tests/parallel/promise8.pl
OK	./snippets/perl6tests/parallel/promise9.pl
OK	./snippets/perl6tests/parallel/thread-doc.pl
OK	./snippets/perl6tests/parallel/thread-id.pl
OK	./snippets/perl6tests/parallel/thread-name.pl
OK	./snippets/perl6tests/parallel/thread-sleep.pl
OK	./snippets/perl6tests/parallel/thread-str.pl
OK	./snippets/perl6tests/parallel/thread.pl
OK	./snippets/perl6tests/parallel/var-thread.pl
OK	./snippets/perl6tests/phasers.pl
OK	./snippets/perl6tests/pod.pl
OK	./snippets/perl6tests/pod1.pl
OK	./snippets/perl6tests/pod2.pl
OK	./snippets/perl6tests/rat.pl
OK	./snippets/perl6tests/regex/1.pl
OK	./snippets/perl6tests/regex/100.pl
OK	./snippets/perl6tests/regex/2.pl
OK	./snippets/perl6tests/regex/20.pl
OK	./snippets/perl6tests/regex/21.pl
OK	./snippets/perl6tests/regex/22.pl
OK	./snippets/perl6tests/regex/23.pl
OK	./snippets/perl6tests/regex/24.pl
OK	./snippets/perl6tests/regex/25.pl
OK	./snippets/perl6tests/regex/26.pl
OK	./snippets/perl6tests/regex/27.pl
OK	./snippets/perl6tests/regex/28.pl
OK	./snippets/perl6tests/regex/29.pl
OK	./snippets/perl6tests/regex/3.pl
OK	./snippets/perl6tests/regex/30.pl
OK	./snippets/perl6tests/regex/31.pl
OK	./snippets/perl6tests/regex/32.pl
OK	./snippets/perl6tests/regex/33.pl
OK	./snippets/perl6tests/regex/34.pl
OK	./snippets/perl6tests/regex/35.pl
OK	./snippets/perl6tests/regex/36.pl
OK	./snippets/perl6tests/regex/37.pl
OK	./snippets/perl6tests/regex/38.pl
OK	./snippets/perl6tests/regex/40.pl
OK	./snippets/perl6tests/regex/41.pl
OK	./snippets/perl6tests/regex/42.pl
OK	./snippets/perl6tests/regex/43.pl
FAIL	./snippets/perl6tests/regex/44.pl
OK	./snippets/perl6tests/regex/45.pl
OK	./snippets/perl6tests/regex/46.pl
OK	./snippets/perl6tests/regex/47.pl
OK	./snippets/perl6tests/regex/48.pl
OK	./snippets/perl6tests/regex/49.pl
OK	./snippets/perl6tests/regex/50.pl
OK	./snippets/perl6tests/regex/51.pl
OK	./snippets/perl6tests/regex/52.pl
OK	./snippets/perl6tests/regex/53.pl
OK	./snippets/perl6tests/regex/54.pl
OK	./snippets/perl6tests/regex/55.pl
OK	./snippets/perl6tests/regex/56.pl
OK	./snippets/perl6tests/regex/57.pl
OK	./snippets/perl6tests/regex/58.pl
OK	./snippets/perl6tests/regex/59.pl
OK	./snippets/perl6tests/regex/60.pl
OK	./snippets/perl6tests/regex/61.pl
OK	./snippets/perl6tests/regex/62.pl
OK	./snippets/perl6tests/regex/63.pl
OK	./snippets/perl6tests/regex/64.pl
OK	./snippets/perl6tests/regex/65.pl
OK	./snippets/perl6tests/space.pl
OK	./snippets/perl6tests/str-bit.pl
OK	./snippets/perl6tests/subroutines/add.pl
OK	./snippets/perl6tests/subroutines/add2.pl
OK	./snippets/perl6tests/subroutines/add3.pl
OK	./snippets/perl6tests/subroutines/add4.pl
OK	./snippets/perl6tests/subroutines/add5.pl
OK	./snippets/perl6tests/subroutines/add6.pl
OK	./snippets/perl6tests/subroutines/add7.pl
OK	./snippets/perl6tests/subroutines/anon.pl
OK	./snippets/perl6tests/subroutines/anon2.pl
OK	./snippets/perl6tests/subroutines/block-vs-sub.pl
OK	./snippets/perl6tests/subroutines/block.pl
OK	./snippets/perl6tests/subroutines/block2.pl
OK	./snippets/perl6tests/subroutines/block3.pl
OK	./snippets/perl6tests/subroutines/d.pl
OK	./snippets/perl6tests/subroutines/fib.pl
OK	./snippets/perl6tests/subroutines/func.pl
OK	./snippets/perl6tests/subroutines/israw2.pl
OK	./snippets/perl6tests/subroutines/isrw-const.pl
OK	./snippets/perl6tests/subroutines/multi1.pl
OK	./snippets/perl6tests/subroutines/multi2.pl
OK	./snippets/perl6tests/subroutines/multi3.pl
OK	./snippets/perl6tests/subroutines/multi4.pl
OK	./snippets/perl6tests/subroutines/named.pl
OK	./snippets/perl6tests/subroutines/named2.pl
OK	./snippets/perl6tests/subroutines/nested.pl
OK	./snippets/perl6tests/subroutines/operator.pl
OK	./snippets/perl6tests/subroutines/optional.pl
OK	./snippets/perl6tests/subroutines/opx.pl
OK	./snippets/perl6tests/subroutines/opy.pl
OK	./snippets/perl6tests/subroutines/placeholder1.pl
OK	./snippets/perl6tests/subroutines/placeholder2.pl
OK	./snippets/perl6tests/subroutines/plus.pl
OK	./snippets/perl6tests/subroutines/pointy2.pl
OK	./snippets/perl6tests/subroutines/return.pl
OK	./snippets/perl6tests/subroutines/return2.pl
OK	./snippets/perl6tests/subroutines/return3.pl
OK	./snippets/perl6tests/subroutines/return4.pl
OK	./snippets/perl6tests/subroutines/sbtrct.pl
FAIL	./snippets/perl6tests/subroutines/slrp.pl
OK	./snippets/perl6tests/subroutines/subset.pl
OK	./snippets/perl6tests/subroutines/wh.pl
OK	./snippets/perl6tests/unicode.pl
OK	./snippets/perl6tests/whitespace.pl
OK	./snippets/raku-test/004/calc1.raku
OK	./snippets/raku-test/004/calc2.raku
OK	./snippets/raku-test/004/round.raku
OK	./snippets/raku-test/005/where-a-b-2.raku
OK	./snippets/raku-test/005/where-a-b.raku
OK	./snippets/raku-test/005/where-file.raku
OK	./snippets/raku-test/005/where-int.raku
OK	./snippets/raku-test/005/where-print.raku
OK	./snippets/raku-test/006/begin.raku
OK	./snippets/raku-test/006/default-main.raku
OK	./snippets/raku-test/007/fact.raku
OK	./snippets/raku-test/007/scan-arr.raku
OK	./snippets/raku-test/008/empty-min-max.raku
OK	./snippets/raku-test/008/min-by.raku
OK	./snippets/raku-test/008/min.raku
OK	./snippets/raku-test/009/bool.raku
OK	./snippets/raku-test/009/topic.raku
OK	./snippets/raku-test/009/topic2.raku
OK	./snippets/raku-test/010/return-rw.raku
OK	./snippets/raku-test/010/substr-rw.raku
OK	./snippets/raku-test/010/take-rw.raku
FAIL	./snippets/raku-test/011/wrap-log.raku
OK	./snippets/raku-test/011/wrap-time.raku
OK	./snippets/raku-test/011/wrap-unwrap.raku
OK	./snippets/raku-test/011/wrap1.raku
OK	./snippets/raku-test/012/all-1.raku
OK	./snippets/raku-test/012/all-2.raku
OK	./snippets/raku-test/012/all-3.raku
OK	./snippets/raku-test/012/any-2.raku
OK	./snippets/raku-test/012/any.raku
OK	./snippets/raku-test/013/sub.raku
OK	./snippets/raku-test/013/sum.raku
OK	./snippets/raku-test/minus-meta.raku
OK	./snippets/raku-test/return-hash.raku
OK	./snippets/raku-test/scan-two-arrays-index.raku
OK	./snippets/raku-test/scan-two-arrays-list.raku
OK	./snippets/raku-test/scan-two-arrays.raku
OK	./snippets/raku-test/sum.raku
OK	./snippets/yr2017-perl6/01-multiply.pl
OK	./snippets/yr2017-perl6/02-num-den.pl
OK	./snippets/yr2017-perl6/03-01-02-03.pl
OK	./snippets/yr2017-perl6/04-divide0.pl
OK	./snippets/yr2017-perl6/05-pi.pl
OK	./snippets/yr2017-perl6/06-stringlength.pl
OK	./snippets/yr2017-perl6/07-factorial.pl
OK	./snippets/yr2017-perl6/08-factorial1.pl
OK	./snippets/yr2017-perl6/09-factorial2.pl
OK	./snippets/yr2017-perl6/10-factorial3.pl
OK	./snippets/yr2017-perl6/11-add-arrays.pl
OK	./snippets/yr2017-perl6/12-approx.pl
OK	./snippets/yr2017-perl6/13-array-to-sub.pl
OK	./snippets/yr2017-perl6/14-balanced-brackets.pl
OK	./snippets/yr2017-perl6/15-roman.pl
OK	./snippets/yr2017-perl6/16-roman2.pl
OK	./snippets/yr2017-perl6/17-sleep-sort.pl
OK	./snippets/yr2017-perl6/18-timeout.pl
OK	./snippets/yr2017-perl6/19-parallel-dir.pl
OK	./snippets/yr2017-perl6/20-brainfuck.pl
